feature_1,feature_2,feature_3,feature_4,feature_5,target
-0.1579226176044499,-0.2970859280812697,0.2002490275858374,-0.08225222749159515,-0.5520592618810617,-0.8935439825126237
-0.2846941732287838,-0.525404174058268,0.2859212974497059,-0.04058404432065267,-0.7494815149476111,-2.0790778635878397
-0.819494591743838,-1.456935829072745,0.8432080685211445,-0.3658282520601396,-2.2234706705361242,-5.660073804719973
-1.4785274833802429,-2.867861593409874,1.5234176488390339,-0.7460230228167498,-4.330507905331001,-11.401619671012305
0.6932690315637883,1.6101136724141152,-0.9034884400416533,0.18156777057431292,2.298429167854966,5.077493424737388
0.929153515025438,1.654498506809157,-0.8082233291885663,0.35782989558881517,2.621137221462316,6.731711295763534
0.17991076238442258,0.27991281818523794,-0.08642904931138452,0.1092057765549645,0.3815389353947731,0.6524832206885665
-0.7549685557474586,-1.3947960755950124,0.6973618481367867,-0.17182520910984492,-2.217656684824652,-6.908340974082018
0.8822215139771736,1.5774024462065337,-0.7016081277922825,0.4983443559302212,2.297898348327785,5.260732015182785
-0.4558448877333865,-1.1796473691236884,0.5347590539816935,-0.24577928541199137,-1.6214770181412317,-3.4590423028128265
0.7664924228786247,1.2111569044749835,-0.6295320182180113,0.24544606337656072,1.6758127364803383,6.440557060280286
-0.5724536967097488,-1.073721460084228,0.5089557955615884,-0.30690905449626793,-1.847801405689416,-5.519736326046164
-0.5344755331105161,-1.0399933625882358,0.5662590671387528,-0.26295906375994066,-1.6897716870917707,-3.1331477441649325
0.9152506639708099,1.705834853200788,-0.821084373590639,0.47716136960556343,2.7782209201917576,7.042765769603602
1.9243908172581001,4.033646682108736,-1.9438914066752673,0.9352489415022828,5.7690269436281465,15.613826081711036
1.4886309858963622,2.9017527614756484,-1.6133908320144799,0.7685376494491951,4.31443127137514,11.208103182131419
-0.6275692023254826,-1.1167786313088939,0.5429763102266102,-0.3479165858691009,-1.7732103185131418,-5.189984871347468
-0.35642936807784603,-0.827806101852736,0.38184711027294116,-0.2788951456883608,-1.0219385627541688,-3.0781488532588663
2.305898707930233,4.676118092930121,-2.3876925845851398,1.131944585942126,6.87614605286438,20.321551935952222
-1.6016663636362578,-3.3145235549366543,1.8035996336800142,-0.7834671275641842,-5.038582119254575,-13.557362214836498
-1.2325458966504825,-2.511695177205065,1.4098011048890915,-0.6729718451601479,-3.7189078059117513,-11.522575360687789
-0.3745707479188906,-0.7250083556507967,0.5113107132724266,-0.20126314326943082,-1.2757673253034065,-2.490449303485616
0.5563197658408549,0.977951180893608,-0.42631634660684226,0.2655252220792578,1.6069472649786587,5.455254665245083
0.6321936028043929,1.3907682599397444,-0.5897760772880792,0.2809590216611591,1.836774324704196,6.793079599534195
0.16026269929793718,0.3330834890001735,-0.1597411757049466,-0.07876933809689153,0.3800913128377159,1.5369525697160646
-0.538323268077421,-1.1674149669628633,0.5284107848328611,-0.262547613758711,-1.8397189323946495,-5.971148276442691
0.4493330629316173,0.8462778341967476,-0.4111145861142287,0.2655225783083746,1.3126477244823618,3.8902401106546423
0.9580516053375878,2.0606010745770154,-1.0148444761539395,0.6888132929482927,2.896210570915077,8.648692501910844
-0.3142608236876022,-0.4603629214517696,0.3055591676803521,0.026152986411437623,-0.9541068965767305,-1.8272570963058388
-0.5461025426843222,-0.9766963532336606,0.46824177964696334,-0.22922442411853156,-1.6409447344426078,-2.1353351885950107
-0.027564468282559373,-0.4145627876510759,0.1903997651592203,0.16969691372751144,-0.5705690609923396,-2.434683221540655
-0.5087104611508322,-1.0375518674683775,0.6497388703783546,-0.2938157595397855,-1.7677086667699458,-4.544975384015169
1.2774757070554608,2.3238902867735147,-1.2430268157368098,0.7319647947066491,3.8907919353613067,10.31937004055365
0.21008585936064378,0.5511451956816038,-0.30554904419900886,0.1949069756648334,0.9743216736880875,1.4644252736716465
-1.2141647757115086,-2.396442408387812,1.203414963044635,-0.7609536026954106,-3.482488927319306,-9.199665587520448
1.527716698669018,3.124128164491009,-1.5539330504074276,0.7014540434099028,4.512086730919823,13.886458905559923
1.033212978014755,2.254863796880433,-0.9968084536998377,0.5467385440311769,3.007270755897918,8.420693815695724
2.4366997320144863,4.5203843247733895,-2.348159053554334,1.1923525969552216,7.011168700517915,17.439120507791348
-2.4080709445227453,-4.5168120911109035,2.2473053326986285,-1.1001632434217403,-6.828258743295733,-19.89014563621885
-1.9967100688795545,-4.0164857984796765,2.1024845512078065,-0.9482588737513361,-6.084392419213004,-14.670550909724087
-0.1892338224319952,-0.3143800985173843,0.08958197995011793,-0.24144239332330203,-0.3965946503407869,-1.1358098950005835
-0.41937312848901137,-0.6947873158157742,0.49961545788591344,-0.17807249324065058,-1.127408121223071,-3.6585143480105247
-0.1709376838284776,-0.14953373134617082,0.07465101929210467,0.1126960759487141,-0.13379141330641667,0.051211037643627666
-0.6593548176403405,-1.5170476801624733,0.7379053968345096,-0.3229752897161113,-2.200158376582699,-3.672134825724819
0.4151553985191023,1.1789761164289907,-0.5999666082618637,0.28379692864063566,1.7393821715251236,4.4091064942459335
-2.131816922523702,-4.016492753383264,2.1432476829729588,-0.8673234405843075,-5.973200570011597,-18.615789801491815
0.6161789048472425,1.668052300156261,-0.7492141687106869,0.29344755743006223,2.4692384385766437,6.444791089992364
-1.8676714395546228,-3.8407889705161753,1.9000525273490916,-0.9827900136401653,-5.563567155952925,-16.575550087434415
0.4625402355094146,0.5686535126052111,-0.3005532741767589,0.17486271540671436,0.8970393296739622,3.635361590013333
0.021548881427246452,0.33506185201170074,-0.03372108208271213,0.03515658530314564,0.24021686403421194,-0.02804339247813903
1.2192227137973086,2.498637001430285,-1.2456975086319872,0.6647832438656649,3.683544587271587,10.638018730526875
-0.11684392605204719,-0.31263109089508684,0.1738821257686345,-0.16038763414489143,-0.6248423287080913,-1.8333747061391328
-0.9152239295844856,-1.9727034715704517,1.1100957214906122,-0.3098974354259937,-2.95152513216865,-9.154319863822218
-0.387481404893597,-0.8819824506927871,0.36141406935603737,-0.16777106103879,-1.1811148223166346,-4.082316443872818
-0.615822061134056,-1.5302852055494331,0.6923623503881238,-0.4092102510370145,-2.1999227820447973,-6.2085466996776475
0.5400781052438048,1.0236240452397356,-0.36987173563609677,0.19688509629500175,1.5361605569700463,3.4147069116433215
-0.30085290315439617,-0.7272897217495566,0.39670768104709797,-0.2935830445820029,-1.14468684483021,-3.2883637555999288
-0.9757355685642009,-1.8280501332277905,0.7542022597753921,-0.4330813618479974,-2.7577417150529433,-8.143568943149392
1.0858425273457766,2.0253518552634997,-1.09052862319203,0.5740757647621323,2.989495995597782,8.061451390155995
-0.6254563287023587,-1.24520293315809,0.633989560671818,-0.2247354176397846,-1.8748945396534664,-5.307223432342832
-1.1531069238089628,-2.3794580914470274,1.3269196711493214,-0.6652238404549352,-3.6304512794658885,-9.430036575723845
-0.08677964234339679,-0.3123848777216488,0.15360970197161805,0.008451040081774462,-0.17239470567999232,1.2776860416774656
-0.32185864775027306,-0.6371517020616692,0.47434202969244466,-0.2979811746366786,-0.9180401432907126,-4.032569362572869
-2.743237405442222,-5.273683048703044,2.6670928172768433,-1.360254224098855,-7.7629089591120755,-22.683828479354872
0.52279355626468,1.3273131305299035,-0.6903989113661276,0.24428904407408258,1.84267071830643,4.770511706946391
1.4343226718003388,2.7527534344369,-1.4695169106805903,0.6665223289070158,4.332073643949155,11.626590564887366
-0.04982244541186623,-0.28106175939853567,0.10849232314716906,-0.045234679159405565,-0.2359185664152289,-0.8599464807681282
-0.43446587183171814,-0.6467136429641529,0.3037872788749716,-0.14790465297793545,-1.2045255176753817,-1.9881038144401668
-1.3941251570746371,-2.5791890451889965,1.225180109110653,-0.6723252868241606,-3.989872817479372,-11.733435532009384
1.4628352657359263,2.5281366028123498,-1.4588522253418534,0.7361250769744271,3.9245570738205338,10.518976915001383
0.18490009491890153,0.2412439691147605,-0.12193441474966961,0.0026374107788779064,0.4920451928762094,0.7267744610033436
0.2988018406493445,0.6879716544107611,-0.35318593592800046,0.1568693100627933,0.9380961940711698,3.3675634656569366
1.433494264560616,2.8866716553763396,-1.346996986280775,0.781260070848385,4.2663957903235135,11.719577648977541
0.8695138580690127,1.650101072540384,-0.8620994036643156,0.2809304046872397,2.5915497969619627,7.191629913654317
1.2480829585057198,2.546212738322429,-1.2360237774492653,0.5361122804732315,3.595031951524314,9.115022932530458
-1.3154510938052633,-2.7489046121494716,1.4117729098480292,-0.6771993449368833,-4.01491919236264,-9.69942080863116
-0.6672832846527599,-1.3333023024962731,0.5156330417178766,-0.26865163225650623,-1.840910440275967,-5.342166134877783
-0.4059198161378371,-1.1739814200192424,0.5073902341238316,-0.23513339129647737,-1.5252452197090425,-2.5800675738304584
0.9498428392386569,1.93453515890484,-1.00177733613839,0.4443981168349026,2.8075502630143707,9.048390128460694
1.0918534567818592,1.9684534269993195,-0.8615325371200362,0.6724132963899326,3.099045024392211,7.400100028986099
-0.8329461930570892,-1.8059012983105425,0.8636932128036305,-0.3461234649891431,-2.7198361501271555,-4.937858673253718
1.4677415410252497,3.0203255144527295,-1.5893821572810036,0.7008627484740939,4.679027560835897,9.330431227598035
-0.0844735374756741,-0.5467316864629693,0.20685654825562835,-0.2335197636762601,-0.6350471635865809,-1.65667671207579
1.9572802151343849,3.8516917218593725,-1.8967112599987703,0.9298682930945689,5.7150545247521585,15.834452074044892
-0.16156359418139488,-0.31970100981220245,0.1340432244809474,-0.05370828930485564,-0.38559066877405457,-2.3934559260751502
1.7180012471549455,3.4135208828002814,-1.5432478615419714,0.8811144842670772,5.321908762069639,14.51664099513821
-1.6709292571475236,-3.403215230853103,1.573251417440053,-0.9820343218254445,-5.033601255621265,-12.899894479497231
0.36620190082330384,0.7174550121037391,-0.4696170797655621,0.15092124506134205,1.08936013945893,2.696442976200825
-0.09456613716425447,-0.06433817869187633,-0.037938519110334454,-0.011801334404532876,-0.02809423526983449,-0.32881567209201024
0.3399897082823961,0.9140060290957713,-0.45001172435256254,0.28736843401281953,1.2886123544538688,3.347149145139133
1.1921317928666568,2.405260648145124,-1.1703840979695503,0.622979778982412,3.6732329336155773,9.651462331841783
0.08990051538143724,0.29135711179647167,-0.052246307371227776,0.059914454723615646,0.444003068699656,0.45081291319918176
0.718811556227693,1.647211940485595,-0.8621437539815527,0.30897045120889466,2.3780328042896755,6.299849575483772
0.38256027268505877,0.5621149288117885,-0.2621178155823909,0.07599327027901803,0.9934054314176306,3.2869296147838267
0.5515490446580202,1.0101895751753496,-0.5627084902866285,0.3084017396226199,1.6080215664968207,4.350319991454372
-1.3453319884116082,-2.7749932048146877,1.273152582501526,-0.6922845845624177,-4.227978860614133,-10.232744372869712
0.8477380097515079,1.6245232214183376,-0.9276424033243571,0.4139166045681635,2.3621399945801707,6.8204752649170635
0.6394804360988071,1.2893118584073844,-0.6498746432945832,0.3602675373532297,2.0808282120895005,5.154942140423145
-0.7266588552116331,-1.3649596437188833,0.8142536815335994,-0.3705006901499382,-2.153475087353642,-6.506661328417
-2.0699510864086705,-4.301575155588884,1.9976538440141478,-1.2062484722439533,-6.378442889036104,-16.314540179874633
-1.4513255035641268,-2.6084471825328994,1.2840604135103635,-0.6211018572309999,-3.8748175654831067,-11.03069530985542
-1.307664823279993,-2.5555008943516575,1.2511217098169318,-0.7638773130079455,-3.8050735142754446,-10.756908725007786
-0.40795303307628294,-0.7360222362288178,0.43031959257130886,-0.23127308511595362,-1.1731193696230773,-0.9568321119552059
1.4416159717597505,2.685790077822458,-1.087621558660285,0.5980005595590021,4.133614542035005,10.43815484845535
1.6605110675611243,3.139613726017833,-1.605484887342162,0.8571983841894452,4.855196942684484,11.70108193296563
-0.7599813394914674,-1.4482483136078272,0.6834406219857759,-0.30369907664120155,-2.2510960537287734,-7.667808853690664
-0.6314821921587235,-1.5246393923105341,0.9266581548925374,-0.33037798318383094,-2.3113344167472647,-6.409493750039121
0.149160957611031,0.6767112350301547,-0.322643733865271,0.17616171217296128,0.8469278054022515,1.8408658934997604
-1.0177064327634777,-1.9627449389656242,1.0659212928104302,-0.4933932078110542,-3.0996011702229938,-7.953991702375454
-0.8480170385465287,-1.4025211581580945,0.5587621175694621,-0.289730733194767,-1.8645413343342017,-4.338356813741908
-0.6106002940666541,-1.0913149289516777,0.6581115934146213,-0.3201034591491711,-1.731037108408103,-2.418101685017079
-0.14627723427051117,-0.2053099190644425,0.15382770785760802,-0.13545710802109628,-0.34222678111527627,-2.162089393929417
-0.12810959119816656,-0.49718933270771826,0.270860093443082,-0.213780738797197,-0.8597032972600572,-0.4560837024628963
-0.4456531576990587,-1.2332645290222846,0.5384831068378525,-0.14142225848759682,-1.8456875324263013,-3.060728531490984
-1.8585834624057105,-3.7165569283537487,1.9173205538973717,-1.1780519890101662,-5.707556008949398,-15.43346399996412
-0.03456230808074199,0.05612072242772015,-0.1317888936208303,-0.01365431724374951,0.04294382893274676,0.21801351354620901
0.6960542552672498,1.11032621686807,-0.6068591961028718,0.29452955931673264,1.720666009360794,4.952878907703302
-1.5324383431426039,-3.197572782880535,1.48562180358849,-0.908139460826281,-4.593656056631742,-12.66550803962869
1.1712761169278518,2.162715090656327,-1.2361876968515892,0.6353805491052488,3.387221330004717,7.920190600149079
-0.19353650129279057,-0.4397076484720435,0.15328750782321293,-0.1279689780030493,-0.7453365558135845,-1.1508977751621823
-0.7070198123727384,-1.7147598715276051,0.6850070959757159,-0.31067756765777793,-2.5609293083239804,-6.893773261925331
0.5709650304814937,1.062235679459019,-0.5822938997169482,0.28312252634924,1.8947185605830539,4.996979384854344
2.9040427752331976,6.069694615959529,-3.121046657394259,1.6102371891223388,9.172889932554947,24.509598159402916
-0.8369440826160718,-1.7170383041838537,0.9140919679380956,-0.3480084347489874,-2.3528646657977275,-5.848337595292994
0.8289366722133573,1.3719480777017985,-0.8080224120740986,0.3910931268025834,2.281180301519884,7.016877707706377
-0.9984588193923124,-1.8408427971509456,1.0639893084633976,-0.4346727443986702,-3.0274416323849613,-6.907893858851672
1.812521145678886,3.7058978457816654,-1.8740009369642538,0.949202794679336,5.484306694108974,13.90987689502068
1.0441044708662486,2.131829256494605,-1.0982195866373055,0.7036212787125733,3.3191048318925103,9.37586117850867
-0.7255979248506768,-1.5577199522191683,0.6861092114429712,-0.2990476071516741,-2.1984649484031893,-4.566535261697014
-0.21825131540847592,-0.3026983586026775,0.15052712076162608,-0.22278938907255455,-0.5031471699689579,-1.0642141028963756
-2.1616326018686833,-4.362692855091102,2.3047821203877605,-1.140916786846579,-6.542046287192538,-18.282316941130468
-1.1100957603149768,-2.2229861312787684,0.9715602961581701,-0.65555486226179,-3.2819505575091568,-10.446030335084883
-0.5758540179076577,-1.1404355003326159,0.5594206042622013,-0.264425537655887,-1.5980348789826175,-5.048260351355969
1.6120646902260418,3.223789389351257,-1.7997627571059527,0.7441410216455586,4.604958142067055,12.469633212424169
0.31936632497512873,0.7881089991052358,-0.45513014434735305,0.23271932497526576,0.9956416925780676,2.591995046802694
0.46268086108123757,0.8294333270164046,-0.264630056453399,0.17675001205334495,1.223341934673983,0.7500826326964556
1.7394139611560109,3.443786409242726,-1.6632614686856013,0.9833074021030734,5.315467523315407,12.410307094480766
0.36926469185302524,0.7442903582277873,-0.3355062615569825,0.03888065855333506,1.3023012133747567,3.4249945804378377
2.07702470966907,3.9373470869522524,-2.117900482128334,1.0306787552657855,6.1814775008568095,17.163609088924503
-1.9860717370550631,-3.8417626484699143,2.083193345722455,-0.8309559751745189,-5.910244820426334,-14.530206988553662
1.8075579042802183,3.481319505780149,-1.6454885881840717,0.7926654262762672,5.019357045545225,15.175718557321188
-0.3493174948402703,-0.7404312209187461,0.31563426103482367,-0.15491345261652806,-1.1229491750837253,-2.8096324092817992
0.2398664415659788,0.4326193658458025,-0.18312528694760918,0.2728383947340027,0.6900651889027185,3.0591673485834936
0.6770039218353693,1.7176325905631327,-0.9401312836462457,0.5071737537022037,2.6828712083212682,6.61767895793725
0.5643655306838757,1.212833739622443,-0.7341099848883271,0.3045177859830739,1.8993083470808365,4.854334928980033
-0.654785658240356,-1.3812463869082519,0.8510291307852488,-0.3067491814141388,-2.167081979197857,-4.709211433925277
0.5576065972607537,1.322654405843329,-0.4722703370800084,0.4630321490593864,1.832073424483304,5.200005644027776
0.4161552454654453,0.8822608823400885,-0.42605327858607217,0.1926767729608949,1.3897952450834083,3.593858186443844
0.13757174323995108,0.1460470391506545,-0.043680420500613576,0.028419966420356935,0.10339728385964018,0.8114093354838254
-1.1200726638596772,-2.3682845808858426,1.210221492438939,-0.5085035997095655,-3.3882200255645456,-9.316993694899802
0.2591014125543384,0.7448569673341144,-0.42819994058410665,0.23577139445090045,1.242552176828744,1.5215094465012997
0.0971500008235823,0.1814043057704149,-0.1070858734143814,0.04992476080086443,0.4960567579189935,1.4169406817894932
0.7604046637269535,1.401728429514725,-0.8095215052167365,0.24964301910794656,2.434335001344494,4.765630724784565
-0.23866296769041104,-0.44215147862519255,0.16310779394775926,-0.2543835051693896,-0.7093510023658754,-3.2296243582392843
-0.18151554342172072,-0.30853360269864144,0.1440499306454485,-0.11001260180544885,-0.30577124204698536,-1.7293091653931099
0.11913299077659335,0.5028632981201706,-0.2575713996415497,0.1452790107752263,0.7018705980945137,1.308815403600779
0.1866154014187033,0.5425670126171529,-0.14269600792017795,0.14731909901136298,0.5579061156805114,0.7322899753283254
-0.6834617728660408,-1.2918818852442469,0.5921385414900725,-0.2377648589833628,-1.991297122061822,-7.330392636654062
-0.6821319358177971,-1.0107725226699706,0.4313868851030148,-0.2864913672952184,-1.4519716225583528,-5.144174603493317
-0.47353460063756514,-1.0902765273920283,0.5023871010581247,-0.19655518491958335,-1.9109124593543805,-4.889303627051394
1.3460284788552632,3.0963683448385964,-1.6254722752267587,0.7510763629667573,4.561161980849709,13.274054816803037
-0.8161246561433166,-1.571045297720344,0.7904612421665212,-0.47106710688302533,-2.436546306838902,-6.313077734156384
0.8086112462607657,1.7321804267390437,-0.8582200187471036,0.4286543219675321,2.637343883248617,6.681802735197005
-0.7598147203675087,-1.356420562185029,0.6082314808135614,-0.2546890360218405,-2.0701340716549512,-7.028641097408716
0.29640928364211183,0.6270269021332382,-0.19031902996766015,0.11219996860445833,0.7924599705292623,1.8337093949473284
-1.040803754147407,-1.9394166625929252,0.9823096938264229,-0.5298527749790918,-3.002325751265342,-7.694162072263995
-0.5848115521437043,-1.015332014052207,0.4804395248742611,-0.3364028098086637,-1.4386229296646604,-3.523897806824545
0.05137691402324428,0.12397201700076738,-0.04336748229160757,0.09175022182667322,0.25516173230752043,0.5339447326206465
0.5101295574138703,0.853463423410028,-0.5305177853523121,0.2926067772161758,1.1952591233911836,5.536281766497607
0.8854487219429369,1.744954531476901,-0.7303247925330756,0.3595186376491588,2.518484808320442,6.433568026013407
-0.34231502330186264,-0.511286082254764,0.2726730798576403,-0.19600731387413578,-0.6571482400151758,-3.7839061975949813
-1.246633256118635,-2.5700443480501938,1.310141007048973,-0.6878790790026763,-3.9128357582073345,-10.772165194331613
-0.6415956263692382,-1.4055872823899132,0.7445097372352982,-0.2947516258536067,-1.9675382145239741,-4.476838041431569
0.8459410614780344,1.5273702663525521,-0.8053035552964681,0.24576624110986767,2.376398516823143,5.764738865127206
0.4437441906369898,0.6949234323334558,-0.48265261363002515,0.1728250253152064,1.1632283406010675,3.331843811350378
-1.1516495000399762,-2.4459263765699153,0.9830149378527859,-0.520378792138553,-3.5706963789664794,-10.05836846090006
-1.530072600056054,-2.8666343984767724,1.3845526669879495,-0.6300744978302351,-4.2161278496785295,-12.114677734508723
0.8470078681011856,1.5482708998713715,-0.7901888216866657,0.4603300354597965,2.414532322070349,7.145107590859211
1.8448045037338419,3.6092618674517705,-1.8578915091941595,0.7962543475226311,5.308071092429029,12.928284055935293
-0.5235668214543756,-1.2391200594225318,0.6356090944829369,-0.4045769782200272,-1.818352720346313,-3.5490669752452444
0.23173503905952525,0.5534027802981651,-0.1047681566862617,0.03410766618683067,0.7309691999761833,1.4185015941875703
-0.01637278596235796,0.050663554310154534,-0.07275149835475611,0.02735395436343524,-0.010848307793216057,0.8473492376087727
-0.13011281865714117,-0.47769511352987476,0.302150497068292,-0.07701368522259525,-0.7431640239175041,-1.0679211633468044
0.15085208622181517,0.2997088990735277,-0.19852003032386786,-0.025720264166531545,0.6731713384608041,0.07454733796627755
-0.5696911801620186,-1.2757637403649618,0.7189027337124851,-0.20930487590734714,-2.0088207308740067,-5.876787125416806
0.9079702324596474,1.6623847847740032,-0.9455143631076408,0.5212660287467087,2.5788716987756115,5.583176577702811
0.6646756241196251,1.5212971977467986,-0.8698185725814609,0.33895046247999094,2.2731965691805804,5.087986079132221
0.747831239411582,1.4988264522576056,-0.636876592163581,0.33231578065689693,2.179183460801384,6.527130859999177
1.7786648328694081,3.5240012376313237,-1.6252213946421468,0.9379505196972939,4.9774421045230195,15.043521000963738
0.21726199667042523,0.3836692823723715,-0.2469467729812482,0.13975688246556087,0.7059726012426701,0.13860094649327936
0.17324887836760922,0.3601434200130706,-0.18669403863713535,0.08275448377808259,0.6015885275242397,0.6441173170814254
0.28049578671740083,0.4752664671583362,-0.348578659037995,0.12604890595725338,0.8763083707829705,1.0228015750910318
0.42218637496040523,1.194432753754809,-0.5633868219003652,0.18084325324170725,1.479840048776597,3.1752300401887936
0.9717445383447584,1.624252876879665,-0.8138095473070608,0.3723948419994286,2.4828913805341264,8.567218325641415
0.821908203026386,1.9121647446306498,-0.8012812913867114,0.4860325643520758,2.630001199814547,7.177669841102408
-0.7580574792974776,-1.616249569608367,0.6166689785687959,-0.3236367259334273,-2.3710815795990614,-5.186245987272549
-0.12110240363308811,-0.18313337473356106,0.16720349886054772,-0.04504972815569855,-0.15138792168600707,-1.019676554820425
0.30790804587231246,0.2739708834345482,-0.25246553389723225,-0.02997238915739335,0.550250246082869,2.405204695105273
0.633202840151184,1.5634440258683915,-0.645706376043447,0.36295891730484536,2.2270682569412443,6.3352951906037225
0.41850107334646497,0.6474001156487981,-0.3811132910011128,0.08657388129240172,1.1519326565935,3.499020986960168
-0.07507105245521663,-0.32215129026656425,0.16744901195901465,-0.0867891809977713,-0.286120891350872,0.1707829286245881
-0.6607219268203537,-1.5030751917887533,0.7587558207162856,-0.3337666586683807,-2.3692638714219085,-5.0549319132978345
0.1444116157136456,0.10567435490687688,-0.09057485444781106,0.0603257815651638,0.17977895271381913,-0.384973501892915
-0.09254732818278227,-0.3953637576115704,0.1243209329096991,-0.039703904468200574,-0.730148682935311,-3.2811840785797366
0.010323722295967858,0.00933134458375301,-0.06727233512214859,-0.014115117697403534,-0.12434954866698568,0.27951988903232444
-1.6272582739141173,-3.2097113642689243,1.4747887986258719,-0.8494596613307653,-4.782904864026136,-11.37948794060368
-1.476766811577097,-3.1067965264804784,1.3963396480989514,-0.6242942376406622,-4.458426285886885,-12.924854596598198
0.27038337573100996,0.45255875017115504,-0.039245369333948815,0.1579761657060228,0.4176444768554044,1.6964512406992553
-0.7529079601168297,-1.4720751640807048,0.6844847838148486,-0.4550815174258392,-2.1006562144015355,-5.358440174680161
-0.6163673779879437,-1.2874642552047555,0.772123947154375,-0.41979474125734884,-1.9498275204396223,-5.648186366868336
1.13964863898347,2.1283468041070988,-1.1522162534642306,0.43478928391824345,3.447761760001934,8.75709653394293
-0.5202586066339819,-0.8918683441976895,0.3337377678634987,-0.22050119678684518,-1.1008350650372343,-3.155685684557058
-0.37028501705764927,-1.0538354659473064,0.5269969388547164,-0.2501163927609383,-1.3976797172172226,-2.950348805579493
-0.6154823659043368,-1.3598948321291875,0.8725189287822357,-0.36412839512446604,-1.9371910629233593,-4.53462870188003
-1.0652766373119458,-2.4330856971915953,0.9955668028201565,-0.5187979533444024,-3.436862978529101,-9.075252312568361
-0.13432476796540146,-0.465089177946517,0.208550038026465,-0.0719870175914645,-0.8825212661516685,-2.026445365452491
-1.2271314226039896,-2.196443468198279,1.1489162644473259,-0.6133907664094158,-3.197392659003018,-10.462386310133473
0.8657030124774583,1.770474056733608,-0.8740621590665963,0.33912145093428914,2.518906226224734,7.841026103678297
0.004545439580764775,-0.3678210606748268,0.1462153943721884,-0.06822072290613702,0.0016084931603342623,-1.2282154462347727
0.08109908199929286,-0.013525869465823494,0.04155016279762201,-0.03748283686867855,0.1879348620965683,1.0905508458004012
0.43770111232819264,0.9744275997649774,-0.471643717957263,0.08515090406951395,1.4427699961608191,4.637733152734161
-1.1658625078117193,-2.5866267598756885,1.294041359859615,-0.7259034941848459,-3.7657920560948517,-9.373975520172474
1.2446995658804458,2.373029810567403,-1.1196604389133515,0.4700938493387592,3.5150230795492274,8.420723148850639
-0.3797411416124634,-0.8419350453246862,0.5661550610257254,-0.21967918929705466,-1.4513350088551624,-3.4780930617404398
0.14601176721821377,0.4611172629612669,-0.19386949833140876,-0.027837539288995253,0.5595246254885649,0.35859637789643606
1.7214998760423077,3.2875219273498892,-1.6135409935146257,1.039485893683134,4.939352534739838,14.364116867839963
0.4980820040953973,0.9955214342891977,-0.44467672715214784,0.1865734033419875,1.5649619280679765,2.6338467239419394
2.080778347576984,3.822235936830839,-1.9589953807598501,1.0928704041114516,5.8364105561590485,15.805176719232328
-0.3089795733323661,-0.8533694161955778,0.4015913504116221,-0.15797146683695157,-1.223740330880647,-3.8090886513998496
-1.463009117370444,-2.7774815445862577,1.2039046379630172,-0.7289244441747775,-4.000628622425274,-11.352904189838593
-0.908074597595917,-1.7327372473640374,0.7156012393500035,-0.5121867468026213,-2.4227503175940663,-8.50238439198692
-0.03212845936325391,0.22886725623974344,-0.1610700913107277,0.024121992718437055,0.02524749842645793,-0.4419096894534491
0.32765972367410756,0.5449134954581931,-0.2811107655847371,0.1887399634395942,1.0503964407359947,1.7904946723253938
1.4546990494817607,2.7828078882092893,-1.428596774087587,0.7286950025317065,4.340745237961738,12.317652318196497
-0.39027743564723105,-0.9498726587355819,0.5316540231279456,-0.1814559212395706,-1.3770314195485907,-4.49289848923254
0.9214539151625449,1.99960681621232,-0.8814193864967228,0.5199465873021255,2.697947495039367,7.278887707477233
0.00307991098103394,0.09981379906552038,-0.10540461496134013,0.04212930125031261,0.30631997393427923,1.329051376059275
-0.34586730542323607,-0.8122455512113113,0.38481640898473235,-0.17960323689883737,-1.3664303481655788,-2.941603459608226
-0.7126445576790519,-1.427474262471683,0.6028261872635885,-0.4693236230203225,-1.845162570873931,-5.944834074942619
-1.7359537661026225,-3.3037472520888294,1.6344810987789498,-0.863533312556292,-5.075749985506157,-13.679585673198721
-1.7034038176854447,-3.4441815025969773,1.9360693845812142,-0.8669241921213432,-5.1357510977293055,-12.713501268932077
-0.1357647942453476,-0.38199361633335943,0.2804504151408721,-0.1282300587861193,-0.43806848590595443,-0.17468887876586492
-0.30451684814055174,-0.5620887789256741,0.35911947722835286,-0.23946030087477393,-0.8989961140603739,-3.287613985996288
-0.7972415002112905,-1.3934621841633488,0.873096392814246,-0.1642488955319099,-2.24063465172411,-6.817297251007935
-0.8408833078714109,-2.0620337979127497,0.9441242863115121,-0.5300259291645086,-2.7684456910500157,-8.500944926269089
1.2067315832035135,2.1899850723960816,-1.0644237136786057,0.4277345221172786,3.297933386833204,8.991869422167921
-2.5463524873730394,-5.130751976358454,2.4441125608357517,-1.40277338877069,-7.798691066185188,-20.97609568450145
-0.38301583439662124,-0.693360362269569,0.3308869554089691,-0.19120279107748814,-0.9276417359849075,-3.1484639310720155
0.44485831954728705,0.9833237777436661,-0.44896042786077484,0.2997228989305996,1.4713675083182178,2.2856053773149183
1.0646208932880215,1.766187912595321,-0.9245447780160244,0.43242123317786707,2.8012520788134876,8.310851271323772
-0.5642910804510028,-1.4071256694160386,0.6582300859445973,-0.2527604184349593,-1.851611775363987,-5.584070903116487
0.7998979483448554,1.4379937311474906,-0.8587096726991411,0.29476564458095,2.3066184714865026,5.658791091520431
0.13016430826561093,0.08969568194883476,0.18429621872935498,-0.0054998384547579795,0.14698661497550491,1.1144602916544564
1.4762694081709207,3.0807540128738973,-1.37624087200667,0.6956183185866278,4.513710344806363,12.570891964600857
-0.5047989758561541,-0.7229402614263037,0.4164074421948867,-0.07866227794816241,-1.3450123769419162,-3.6721653438232815
0.7806576145862042,1.5223688411394798,-0.854732040979585,0.42038336182100866,2.3381283174668495,6.255435894189225
-2.3019356331279055,-4.528996642680762,2.216274514631795,-1.2081298549876949,-6.842537919587583,-18.195214927126774
1.3751854183642402,2.952018234418459,-1.4088955573919932,0.7702863911968008,4.453677986280499,10.954065538847356
0.005176755941371238,-0.1483931703562559,-0.07052454378678864,-0.14933617092565699,0.14307017800873134,0.5465691895929385
-0.723843870801001,-1.380576384562774,0.7383879750807547,-0.29017503743017464,-2.335701866557062,-5.8932274722006355
-1.1503845541661988,-2.243414101250543,0.9206484994851875,-0.5105183252866339,-3.3434701535079947,-8.629122202195628
-0.1793654068417522,-0.9710372235018251,0.3445824699435295,-0.15319717770710525,-1.0690042596795144,-3.6519547741503198
1.755852542253344,3.7618991599223786,-1.8231833310909877,1.09300733074336,5.6302035064007345,13.899485817885983
2.845768756137913,5.8463132747078665,-2.7910692140582447,1.4090680840721317,8.755796286750837,23.206331971272633
0.48346125631554,0.8453175548243185,-0.4367351902376274,0.2772373684451361,1.4777792621841974,3.952640623122426
-1.2507060384701691,-2.5556063623018677,1.3585019109298557,-0.760523518854793,-3.7141596636512157,-11.179433180836723
1.333750093604678,2.561660738765928,-1.2316620267605962,0.6090781555504449,3.870233554515244,10.40869516968852
0.7358901088965112,1.2639126948649408,-0.7722966215691437,0.48700139949616356,2.309815237784915,5.575934945837956
-0.15285342920217476,-0.20162228387662204,0.17235659605422582,-0.14134413617088037,-0.3251687227566634,0.21823832643950758
-0.9698121281096314,-1.872644455554227,1.0126850587819298,-0.5110752186940853,-2.9068886712780313,-8.088422771534974
0.4195621484484399,0.7689118349563097,-0.4943705356672613,0.10541736466307107,1.206643780382125,1.9949840505976575
0.1974932282610278,0.4045357955047371,-0.2242211610878861,0.24728668629387246,0.7021764405567027,1.3033787774279002
-1.4323925202694012,-2.8558069175756,1.521961676672952,-0.6434094678887553,-4.381986924580705,-12.744458725311802
-0.0029603221747543512,-0.03221859966177842,0.005503645623356375,-0.027544108080101125,-0.10557971116628934,1.1950145287741718
1.0569442674353764,2.042175408593854,-1.08726131113288,0.4145426156433479,3.0083680330016853,9.353711270005018
0.4402410983069652,0.6705823739992098,-0.5122857240021466,0.28726741786361704,1.18328919617337,1.7884412622619417
0.9028103191242223,2.0004519943945147,-0.7821673904304189,0.4688194990789125,2.6344135138201605,7.844440773422815
-0.2177559079963573,-0.1311025720436224,0.12464077221015493,-0.2717026282157958,-0.3587983704427032,-1.961970615180299
0.9773657674612019,2.0807729137039774,-1.108211750165206,0.4043822020154553,3.0280381101459444,7.415787545935354
-1.1007661038335288,-2.1780507250155825,1.1017786194039976,-0.4398627869177765,-3.3028507133524507,-9.049942359558745
0.020819370508626298,0.09514820505831995,-0.00465611125090667,-0.039262328687583385,-0.0462198424471113,-1.551135379209196
-0.3699591324414011,-0.6684858543899598,0.34089039351528827,0.00034038072120193275,-1.1194541342004116,-3.3001519979530856
0.30295054551043404,0.7779031670705182,-0.5457230102804168,0.24438515701370117,1.1471200781189608,2.978179298727921
0.052908272472518156,0.2377278044944799,-0.02949476495289302,0.11697218543830983,0.4166452115822561,1.1081692534468806
0.5640696577707878,0.9042498722740161,-0.37481740518411943,0.16792063098344853,1.3658278953179188,3.9632297235198144
-0.9681316411753861,-1.8100155676473744,0.8413851027683998,-0.37402384250157633,-2.538480933004575,-6.34148791631089
0.21949609738854597,0.4866986360373361,-0.08015354134353882,0.20471895345549904,0.33807900086824466,1.1095827109823304
-0.9652776951244674,-1.496335649541906,0.8625108751031603,-0.41838282814924094,-2.2377094885639317,-7.707836276351373
-0.46890285746207255,-1.079117351477455,0.5856502873510793,-0.3993645578851407,-1.449404207543698,-4.525327905506328
1.5500923524001051,2.811556758785748,-1.6829364736043284,0.6644638596759121,4.427256124927997,11.634475986512715
0.08413308981340163,-0.048788440317659144,-0.17428914054843545,0.035319621222534715,0.06185774419532837,0.13558214629566007
-0.6556865475789796,-1.1647391405956313,0.5119682228319503,-0.41895735909326876,-1.8741614111263256,-3.384816704907645
-0.30666617592391643,-0.5713874102647412,0.2264923030635652,-0.2027727913701727,-0.44290040792115787,-0.027835988319878435
0.2651382293415242,0.44316956703141736,-0.13495764031420315,0.11290500838862791,0.683972419849617,3.3072953137332792
0.7966610224746346,1.1214186750499553,-0.6706291132075936,0.2407787786720042,1.9458898928298727,4.93589108729556
0.5088129514589164,1.1971166880814674,-0.41857235260852926,0.43223545161113114,1.6567134086526816,4.79407164624552
0.7868803284559435,1.564515417454901,-0.7733938965555439,0.4212424948625453,2.5232620322300314,6.1185007135760285
2.258057896007658,4.622650465985521,-2.2899743459505157,1.2241219323360713,6.8831984569988816,19.57484522977185
-1.4576064768153558,-2.9407990200838054,1.4015084599437044,-0.6383991880398772,-4.562119557198988,-12.442806759734713
-0.8327720583985186,-1.6814939966060842,0.9648013528271701,-0.33975912369769906,-2.886255890247752,-6.530476109782319
-1.413030627177835,-2.7464930604448057,1.3906033642737832,-0.5814563943420156,-4.307391015730202,-11.980845079368363
-1.6117332491344023,-2.8807976156856925,1.4952234924120484,-0.6157858899286504,-4.3470734490917495,-12.140377980973707
-0.8902730376444923,-1.994561007432726,0.8736624758584831,-0.5768409993191617,-2.899100574280359,-6.284684318992179
0.15056309956154398,0.11252499935782323,-0.08672471832701463,0.24399830761272437,0.30351001332808525,1.024209376733294
-0.9609170846796296,-1.6322808466104557,0.8117537903274713,-0.378737299325047,-2.470740887949495,-6.671953850497117
1.16736520444875,2.22657970620748,-1.2038714992163895,0.6177639564116197,3.340936686903003,9.840962425781239
0.710682731586165,1.3658729593064625,-0.8563005091598972,0.26717950837428583,2.0125058328303926,5.601147937294527
-0.5159404601212848,-0.8147666366450673,0.4526337679951494,-0.21733681429419113,-1.2822132690380115,-2.656842667635049
-1.5462895997901718,-3.3503629189738975,1.5392733042317763,-0.7204403474720946,-4.753174162586253,-12.221143341116166
0.2951230301120521,0.24090574845905915,-0.2064973306759632,0.09483037693352923,0.7090775294833696,2.6888535235415945
0.9775200214724975,2.256828249687454,-1.000682993935027,0.43873987701126976,3.302911731812548,6.996828376542335
-0.8874198381471514,-1.815833083197043,0.91087664778994,-0.41220886116622996,-2.5970185909175045,-5.287538687292255
-1.5246583059088605,-3.33391048110645,1.7509422796090852,-0.6645674642301986,-4.717783259010076,-12.956968469068723
-1.137025381350068,-2.330788423859839,1.0222315183652084,-0.5227861355212657,-3.5635926451423643,-7.767669548878558
0.9426566049763568,1.9332203416372087,-0.9845689754804512,0.4459903340332828,3.1433556415787853,6.700870221931867
0.13465531414247472,0.07992805184509644,-0.10562101153193143,-0.07865928954144455,0.2613755921282577,1.410480355195795
0.3492299438701328,0.9801538548816958,-0.4471092613166948,0.20792170487524372,1.2996615780031688,3.3005448769839543
-0.8644392893355463,-1.7366169376945777,0.8437894102755917,-0.364859158631369,-2.6178102586341283,-6.401904076637757
0.49905618349315367,0.7596798878846315,-0.44602671948842915,0.2829607264967017,1.267489622167779,4.641389762563145
0.709668389677048,1.5609264669555043,-0.7658416548898952,0.44914975755228226,2.3840295419851723,7.052120999530653
2.1653743626558604,4.53513184769778,-2.3108084844746157,1.1127272154176615,6.898298595555929,17.363652603138807
1.1848882635577906,2.2452927224188346,-1.1870844877724678,0.596843614712578,3.372265475547818,9.584023929337313
0.14203388165170822,0.016143721162068927,-0.05934288955958646,0.06836801479738062,0.13248457927289461,1.4530204942326166
-0.3891872636677213,-0.6670281260340855,0.2493969603083868,-0.07861137548723768,-0.7886511978943294,-4.706716531512878
0.5269176462024882,0.9844230740358573,-0.3586337693231097,0.28806451682560896,1.6678805335555176,6.644042168819226
-0.6128626193437345,-1.0431175550306397,0.4765057259060561,-0.28464244623693213,-1.7396610047003123,-3.567504549755783
0.33233650339712983,0.8885614917355427,-0.33777893981638973,0.11861511870862693,1.1611484228983304,2.580661500251801
-1.0641667338496374,-2.324587579444386,1.1271136633644576,-0.6576904975186828,-3.4795833427020164,-7.420890464513499
0.6188964804018651,1.4173999311965852,-0.6974401758129309,0.3342943603198052,2.2006056063738377,4.449893630682181
-1.3234459791691864,-2.692560010676487,1.42229935861977,-0.6708711997100154,-4.070421078037467,-9.985098436933441
1.2872883629741492,2.556088559885789,-1.3844645999571603,0.5650808729798373,4.169771370201431,8.873586011080588
-0.20981312607368127,-0.5856927139938581,0.28660195086088647,-0.22649255266901785,-0.9976042998680134,-2.250793134831373
1.4840253255315596,2.8847995211081234,-1.4175367149481732,0.8311219083130021,4.471051979374767,12.477825378833398
-0.04529730207604312,0.09600715769113433,-0.14282080090361324,-0.025109123833050844,0.07862787332328999,0.3436699802515518
0.08090935224918888,0.29937899997162387,-0.18669906474078451,0.13039128435784547,0.5652303952382725,-1.2843991144303855
1.4286898864585529,2.7005133175395177,-1.243376635318224,0.6972113465631531,3.8083794668283963,11.304364849272277
-1.1208882235635398,-2.375633536136667,1.1774451927948844,-0.5936790033141013,-3.3305216460817975,-9.052246207080568
-0.39209326832209657,-1.012991068492996,0.4383711543391853,-0.2727832138261142,-1.319160244969059,-3.669870475969347
0.3120564282563551,0.3523482542019701,-0.34412419840286124,0.14428376991817218,0.8910543105224776,2.525509982964782
1.2930362582990176,2.629586772358601,-1.3507500880281946,0.6205293037395426,3.865863556036806,9.888037984481315
-0.2425925463260175,-0.3788104513693268,0.04497749249845384,-0.06099940678798383,-0.5572081173772868,-1.2817623029869938
-0.5041545101617554,-0.8484049919717049,0.45113663520476094,-0.07282451606655399,-1.5029802156794134,-3.9607928503209497
-1.1903131401638376,-2.3179464762897295,1.0889149913398162,-0.5010594179104674,-3.473632244533029,-8.787133771575473
-1.473329808792118,-2.776190760608388,1.477851178183279,-0.6986614506857326,-4.272254790900801,-10.869725741547262
0.7402986861825708,1.1729349376113463,-0.6336647820825067,0.364984331555109,1.9439883127312783,5.865122530609964
1.2664569597838689,2.5050955432502127,-1.2047456259604443,0.6532040463916189,3.875714826229537,10.111778524430912
-0.3517795708938326,-0.7933390932217017,0.4572148367024573,-0.17286853740099112,-1.2942200168509879,-1.9672875147736246
-2.456775199000111,-4.729833621105115,2.330241398227539,-1.2577010385852263,-7.040361283175833,-20.265151720820434
0.22730444658474205,0.4393382968672212,-0.2836960536034834,0.093227388244655,0.7502387646546586,2.331417724811251
0.95643215543103,1.7894947798538414,-1.0001561680099058,0.46936512177153883,2.9926367949084938,8.540672054624638
0.3563229423521028,0.8599660860674159,-0.44578367386904205,0.1929419166540318,1.175853695270115,3.6091285943365543
0.034507784355238755,-0.17661563177877043,-0.060315778243103635,0.2767804081420123,-0.15993229382554025,0.07238265502659674
0.3591802725989862,1.013718799827865,-0.4430047248409299,0.23083596107405746,1.4587362537206539,2.6731377667689182
-0.5152820016761717,-1.085093669079799,0.509708135272385,-0.2059761754883902,-1.4482573366535128,-3.5754849930620174
0.8927503019748103,1.7119928678070686,-0.7680207457880663,0.3770939289945556,2.708670835566005,6.802030571075778
0.910926925176704,1.3484217236501848,-0.7801835973263254,0.35008551458594395,2.430999222980966,5.933728744495857
2.6067872695684757,5.485999447549895,-2.75992365142415,1.4049169776009978,8.14184700990137,20.94811608027495
-1.8141741437031962,-3.7654898362153495,1.7180545213397116,-0.9044644125243518,-5.478192045019459,-13.760586314017115
-1.3194486385153767,-2.6804591901128885,1.3289399062538043,-0.7408556367058596,-4.065716195243075,-9.754727028454708
-0.3059721415033228,-0.7694161390229544,0.5117393882034089,-0.18473359132692352,-1.135310618647698,-4.37354879731149
-1.396648569330137,-2.872499567638235,1.449653919054125,-0.76834724703806,-4.293490425793741,-11.95528821311414
0.27774548575554786,0.7395693526341307,-0.3502447849773174,0.23710408701667735,0.8012364005114395,2.124788470920046
-0.7407728917599726,-1.648128586507033,0.8525177236769219,-0.40201553819863656,-2.6113810790601844,-4.856435736891189
1.3867849003706283,2.7801186188711853,-1.3375980383212682,0.6807440974692657,4.152572526686897,10.614572369282344
-0.383975539350039,-0.6333932206211974,0.31962698641943255,-0.2072145261198718,-1.087817979576168,-4.302185307198509
1.6008694202962606,3.18968353495382,-1.6025735371433323,0.8966669146824123,4.692161435713094,14.235481239462612
-0.016946654213781453,-0.06898331297610577,0.019572429271603273,0.011311990018787695,0.07929529123041915,1.3339596738409665
0.18746991636803123,-0.037518424562004465,-0.12757023549596977,0.06495033326031707,0.34081025723715225,1.0979437316759497
-0.09297298025922254,-0.17608759396109513,0.20821000287827537,0.06175147788463223,-0.06353733538316697,-0.7134612849343538
-0.49009380635015126,-1.0709083973998477,0.5242231305750424,-0.2692231732804645,-1.6540441235821755,-4.973607414772073
-0.3532382951185957,-0.4369491397045034,0.3094886209009963,-0.18276539902425024,-0.873408076468219,-1.8932719325782423
0.2400730218686871,0.3701106705181225,-0.39185169580318474,0.2561409785626126,0.697984739820751,2.2049125793103626
-0.03766657428807358,-0.24376084354855343,0.03509302856763877,-0.14380393845028583,-0.2992215803275383,-1.3472079246129531
-1.8434454371668527,-3.6699700946385505,1.711652299666089,-0.9139018740621657,-5.420555729520506,-15.550695454083183
2.069428082450968,4.113675504626229,-2.038242155038769,1.077473698523011,6.097160479218308,15.486556318256609
-0.4489921464844363,-1.3973172780148966,0.7211588277784893,-0.3582730954836601,-1.9801180207478337,-5.585188454123494
-0.914545147527014,-1.9947021982973032,0.8070827262310218,-0.5007730501258636,-3.0304346055661306,-6.936916752823537
0.3484298437800843,0.6491053722788233,-0.29781660622609846,0.06831716958108204,0.8979703417325974,1.8396196862931733
-1.2780992300682725,-2.5961123679678213,1.3902791740743603,-0.7186783232742728,-4.066448871573628,-10.744496246523465
1.1550284798362562,2.3649093269900145,-1.1904644657936245,0.5383982438607189,3.2378403680854144,7.93269079224912
-0.1821163179609458,-0.35154503658600544,0.032481936290116586,-0.06188833609760509,-0.4884890879493165,-0.5166898358474589
0.4455631849055872,1.1326603923188092,-0.598411979669349,0.3978517170790119,1.649140490898236,3.5440600921471144
-0.5266129392925645,-0.7111257921429748,0.5760895529681657,-0.34165433326579897,-1.2397669298130802,-3.639108008794632
-0.49687406211679996,-1.0887588493698326,0.5746495027832906,-0.13143591855234324,-1.7802093024319678,-4.406918086330641
0.2201209875997867,0.6758578751396638,-0.23047271959896115,0.11150613101929732,0.8245693621256045,1.3244275603655602
0.15901831116175577,0.5252722905323769,-0.3038857806470242,0.17661914135556847,0.8709335054491525,2.473555917807853
-0.17934047916014512,-0.2691141225183872,0.12123994998981881,-0.022251790652436293,-0.41316570779094036,-2.2228694214391815
0.28213085055618314,0.49663931612819173,-0.10997069139673912,0.007492224928309449,0.6329674675333035,1.2761418303654373
-0.7363630863811339,-1.6515699085913134,0.8347063580749104,-0.3895763092352452,-2.2797860000510717,-7.072021313193719
0.8874772474897039,1.663788444516777,-0.7708048558750378,0.21039079310131362,2.568266995611451,6.769948212321393
-0.7808221210742303,-1.5500136894582404,0.7360418850239887,-0.40706155824827284,-2.388310219808818,-5.8304242793629415
1.1896586248557486,2.5589026639733583,-1.3311123730839403,0.6374494763000312,3.542755154546363,9.948216843998019
0.8840918165061576,1.4484570883272607,-0.7821194631788084,0.44324681566153845,2.1700554076306235,6.531619302812362
1.0044378148684574,1.695465282123446,-0.9128938043969475,0.45719724481794694,2.665487811888035,5.784782120643398
-0.10394476472453511,-0.19166822956674712,0.05585672688264119,-0.06150503024887691,-0.19913093924740397,0.7776755036064242
0.12030062314922177,0.03926989642332599,0.10753563622444924,-0.07334484465208327,-0.11386180671485403,-0.35998237735020167
0.4105100188742254,0.8670856766780224,-0.3916729545075849,0.22136521372766851,1.219072022675924,2.4032198248102516
-0.3843559171726067,-0.8964810250023612,0.43688322666769824,-0.15141772672392378,-1.2860495338902644,-4.805193559364586
-0.15011651770854612,-0.16516055284612982,0.11163464183241827,0.000546712045511169,-0.10813608257784801,-1.4316040619441597
-0.24902132429686352,-0.5129282430952606,0.21242963001852422,-0.09253441010397007,-0.8315923747227444,-2.172298437944812
-0.2224900480944561,-0.5280301469886803,0.31315811511519986,-0.19909438454640122,-0.9810898869359941,-2.0400236924232993
-0.23444702712226195,-0.603358804532062,0.3218746434708337,-0.10278071529797392,-0.8725069887949579,-1.1994767733752667
-0.39863402486205846,-0.6657636120388994,0.3417394702294628,-0.24386251636227563,-0.9791383336529589,-2.9352180354039805
-0.8985305514706023,-1.4823131767814108,0.7661351877400678,-0.3695560184672844,-2.164493892575465,-9.049363391668873
1.3783112322388216,2.460008558957319,-1.1880333371939806,0.5696468488682218,3.72422148130491,10.33186649973663
1.8565846708943043,3.6592906676351067,-1.7567970144653038,0.8640258227310506,5.602754997834236,16.315540614477634
0.3661489873576418,0.9441819957815321,-0.40563501621316916,0.2660983322006074,1.3785564973211453,3.7893947090819156
-0.7833118327429529,-1.7827332355309151,0.9284701297182524,-0.4020611639591696,-2.68267396009876,-5.950765473744334
0.18325151890577304,0.3509027050097695,-0.23836470280558383,0.0756759218387725,0.6715311473971338,1.097918478208441
-0.11916206137829234,-0.17944476876669663,0.1629955728986398,0.10241711114737778,-0.44467633734161105,-1.0634874192648465
0.4382129721624315,1.2853526974775862,-0.5823114017117513,0.2229915301292077,1.7967285614351407,2.1255496754006895
0.13291985271606466,0.4232866833887014,-0.18231513826900794,0.16952245137429606,0.6696255139014168,3.4646419792103935
0.03462294964983853,0.22204378930206384,-0.06720145775071715,0.0644457302717859,-0.12905048854638557,1.035822536585826
-0.10955983333487411,-0.2020432329047852,0.14701987960506227,-0.2007173466298064,0.027629831361692725,0.31179494249552797
0.5218324265203861,0.7615774331369111,-0.4413999735585137,0.2670677013527056,0.9785245033977281,4.210550004200398
1.2408982342917487,2.2801055157702232,-1.1816915118307993,0.5892034698621745,3.5349260095897517,7.211825224465255
-1.2255578425729652,-2.280953990933041,1.4057515274412333,-0.5242064034212099,-3.619558118463809,-9.885176872362965
1.1312902439878485,2.195647364845663,-1.0631396113251481,0.6370368593014378,3.4254365807446154,8.926058106865861
0.19913332043161308,0.28058697697386364,-0.3341900180407568,0.1188883419616771,0.4176530038541319,2.67431034878019
0.3022217180181175,0.29625084956258735,-0.09193251530139053,-0.039316592171156114,0.6222966069272184,1.5641426665180538
0.9087825328675087,1.9294604395679107,-0.8972208839029743,0.49936821344303695,2.847709186517512,9.174486906098428
-0.449025512523153,-1.150926441873949,0.6578544374144542,-0.09347163090796923,-1.7477612042224513,-6.253987742844904
0.10839060442115696,0.2853330781040873,-0.1900668495072884,0.039159803838148835,0.6056576008713961,2.1296204982037614
1.3440733747216502,2.25654341751982,-1.3588450849769165,0.7414351972258606,3.4973455387585446,9.83369686803208
-1.9110504106251405,-3.5504772885993026,1.7914633583681605,-1.0736870122060014,-5.483982725400808,-13.696024570425175
1.295804083097644,2.784062780885882,-1.1965335230323555,0.7841569644938464,3.9426780258995486,11.582580202020209
-1.4672304764885964,-2.7377114017785247,1.3598702851740674,-0.6695143801175949,-3.9876287887013873,-11.364342607638472
0.5567653080211727,0.9561587842974314,-0.5008002056351715,0.029177201751667436,1.5030615551700794,3.3660419247540823
-0.8397276599270709,-1.7448099280011222,0.9635399136774401,-0.37833073148078356,-2.8149528194557627,-7.077727996497744
-0.41162172260621177,-1.0309145061039156,0.5304940679167385,-0.207688261223417,-1.6200518083100819,-3.8257529232361893
0.5349280016999532,0.9223902468106242,-0.5669203371222897,0.2618072064676059,1.3795187865824017,2.839141300830894
-0.7881796005916187,-1.5342727067133717,0.8131580151679321,-0.4011096537177599,-2.268676275721558,-6.594635616218925
0.5779055721473321,1.1368532880755655,-0.4306881401773633,0.2502030576906873,1.509518623324878,4.50745625450656
0.8114265529834516,1.6443120663795783,-0.9472440598483983,0.33798426549288885,2.471391651536502,7.3121156755448515
-0.7210657888001905,-1.5577338540281376,0.6582310792048358,-0.3695326353179907,-2.233917398155189,-5.603341983809659
0.86421419356197,1.5359899992766672,-0.7589129042678996,0.44019761002742225,2.0727336261144806,6.629529200932363
1.107811399458471,2.173216154038571,-0.900675294029892,0.4674798299639979,3.224017505867575,8.684340272487582
1.1240762432460663,2.29189988199002,-0.9909251252333813,0.6078065825097562,3.3272147904607294,8.712427738180601
-0.6109871584662281,-1.2830873180257854,0.6744912179796102,-0.49176758145010874,-2.1327900241507853,-4.57613503980872
-1.1034621450975246,-1.929119183346139,0.7835674085982522,-0.4473558835592816,-2.8724335147769575,-8.211819744085217
1.2240217951002386,2.421481063825703,-1.298925648625865,0.6858453635910333,3.7756064948005776,9.370590945127843
-0.3449716299125613,-0.743634056607632,0.5602742528413596,-0.19459433902052498,-1.026669714507931,-3.3519063748343716
-2.532634007283038,-5.5387565920982205,2.751651789754871,-1.427267335036901,-8.038032653499272,-21.31694855886251
2.22147122661972,4.3765053215045775,-2.257321609763856,1.1500093504811102,6.558101797501898,18.35269939926149
-1.9212015565391523,-3.9015144951281076,1.8546590057788888,-1.0643492358803763,-5.902220831554295,-15.974344460065117
0.17525190494399046,0.5092872451540686,-0.12090571702199412,0.07762295246474571,0.8359900002773127,1.5425060799796768
-0.18193691038264495,-0.6027514845741527,0.34688320685986646,-0.2076806202947657,-0.7736203123279921,-2.1473285777307725
-0.18185140478306436,-0.30550397459020234,0.07928487538856194,-0.16501699590927615,-0.36130758671164087,-0.8319218826174017
-0.30951451963621635,-0.7265742288915703,0.18076921091471007,-0.16753441121191914,-1.0923948220264956,-2.342071992531519
-0.7923634751249644,-1.4580847140836577,0.7626598070338378,-0.4216807497453901,-2.29497783524232,-6.4797898714370294
1.0538996659873785,2.16478986053823,-1.1241902400055697,0.4341062318944004,3.2611249233014714,8.807171842611076
0.6963727161646922,1.1573354950665797,-0.6278553639029113,0.15825362697429443,1.9538634238471857,4.014532987302028
0.5253829016576338,0.8914558120249938,-0.4691503027376277,0.33143856370231584,1.2696078058884002,4.5280766882659815
0.1942282578181312,0.10460196624278081,-0.11809370840602557,0.14752402888985233,0.4638630321509894,0.2168627342529772
-0.13222319461695073,-0.6726574358220704,0.27587634997811755,-0.12557409456915383,-0.8246141951369657,-2.808453891813962
1.0355529627938045,2.0742317067094524,-1.0279077282987785,0.4436996255394172,2.981138377649977,10.106003914080947
-0.13221625904397782,-0.03723477130297938,0.08715128283222619,0.04926104412812745,0.059113207457495015,1.3215917569620617
-0.5036735083589741,-0.958853452536422,0.421495834462864,-0.13413295804303538,-1.1557806903507155,-3.7136298420388805
0.004101326209171254,0.12757535158164607,-0.07569271308820738,-0.0010282138387129602,0.03800519875560649,0.24439528298651036
1.7368600390824913,3.8128573815114004,-1.8606420848163143,0.8384698055220747,5.371783768418929,15.221883750394966
0.07561635602027,-0.09405585511262468,-0.11977599878584254,-0.036715409975672374,-0.019862076576780744,-1.3554007975849889
-0.06366555125086942,-0.2775567367323878,0.04059361514955863,-0.140870011389364,-0.331012437550092,-0.35344918622397503
2.840772630268145,5.394174817016412,-2.87049944783753,1.3649554751562645,8.36842595235563,22.80857774929771
-0.44719136583000635,-0.9444569659796396,0.6442617943975325,-0.34897443325145827,-1.546974118303814,-4.958855459754485
-0.9077510941215967,-1.6318818114524916,0.690581965322082,-0.340737425453463,-2.417374327518151,-7.759230041636059
0.6078976607879195,0.9985067290498109,-0.5321307728610134,0.220010625066762,1.4479842883708978,3.7270697227971423
-1.7420088620478453,-3.3240403331552537,1.645549784566496,-1.0102913384231234,-5.142289555006763,-12.51330892635797
-1.7072255870673472,-3.41194143440993,1.7653770537117173,-0.8166466539694627,-5.118634577388261,-15.236725936733055
0.726259688081428,1.214384899398959,-0.5863450271928425,0.22687602142173346,1.9524142109997242,4.715427748177144
1.6190883219634995,3.353188674459681,-1.6921571965419064,0.974962089402806,4.790680404141541,13.552049114309318
-2.1758290520014953,-4.007534414123076,2.1520886381192335,-1.2005667509012845,-6.2388232777551975,-17.338053956934377
0.7178290200319082,1.1919043950465171,-0.5350242311610973,0.32554151439478046,1.6219885147017443,5.956259724886198
0.8721073816077938,1.7907930618109298,-0.8050974422658594,0.47727779301866907,2.672302199158941,6.645930568199852
-0.4626793883244761,-0.9208536816414266,0.4375761833480941,-0.0948442415885141,-1.3059724213093806,-2.209434922992308
-1.6857612650941511,-3.2953228120861593,1.7526854381384114,-0.9016740660253069,-5.144434545380632,-12.37367186299484
-0.16065011440357002,-0.41249934679525635,0.20310313622153212,-0.09661875266432708,-0.7039109342501716,0.23358385450518693
0.6601268884213847,1.054024000159648,-0.5914227361633929,0.24855043415739464,1.5756123505798922,5.426708828272593
0.6714559899644463,1.3994402675377038,-0.682378527820226,0.2960462012251105,2.1047738671990963,7.045192019600922
-0.7879220921992762,-1.2927742054451512,0.5764665483911522,-0.4680381201256399,-2.0959447338417405,-6.146784727846262
0.6694025181590084,0.9422969412989871,-0.547150465836846,0.28277788536992843,1.4934240026305607,4.037276499381053
-0.2395739488293535,-0.22938956462545493,0.2000832739123906,-0.07957796858558563,-0.4178762151843749,-0.8682915808573927
-0.5628870841139096,-1.0819399620011259,0.6559975602832399,-0.27305595134458877,-1.623808114708355,-4.57957603247634
-0.4609880043927941,-0.8411180742590044,0.45262259972850305,-0.23742565358389528,-1.143995399848027,-4.00245754454017
-1.3650941898427091,-2.5440728719307604,1.2947474875590956,-0.7180668793062452,-4.0179722669071865,-10.883158219445352
0.19557750403084517,0.4492110593551576,-0.2677827777422896,0.14285479206320106,0.7104289896067615,1.8924163922685007
0.6251875521328791,1.3632907561172563,-0.5958321173254851,0.43559058620262475,1.8930056120797034,5.499457346989717
-0.6809308242415733,-1.2989198094211585,0.6529412335913138,-0.2217164480542704,-2.0444892152086265,-3.7383864626598426
-1.070952104812177,-2.137315094790875,1.1296536737194587,-0.47303333350418325,-3.152522570200683,-9.014236463307741
0.031129606603820255,0.013184668214005851,0.022067912050892882,-0.0491848852635252,-0.07234650372576149,0.2801593557178107
0.21625938434992387,0.6443157041487967,-0.3028424142511368,0.2472671661266107,0.8691099858475647,3.100782188999014
1.918530445964491,3.722792080390738,-1.9159092095638373,0.8833455956344247,5.689178060453763,13.639103381726132
-1.299757474200684,-2.7636806922697175,1.4555020692021876,-0.6373098278680619,-4.205123349773952,-10.913260869495796
-1.3659898215448176,-2.90157838637403,1.3585396601146829,-0.7229348060992833,-4.443408771436809,-11.382476691002887
-0.2838740330773576,-0.6726146472773392,0.23557443272335174,-0.11014460285124755,-0.9450481166066758,-3.9065054111484576
0.4801400427667457,0.8060599873173173,-0.39411563132515576,0.14341858063308874,1.0873840479209145,4.054510839785492
-0.05351770129887374,-0.19455414858183487,0.06705739824194798,-0.030959342942692026,-0.2687234330020432,0.2631000501392532
-0.5394411533999608,-0.8362496828322203,0.3196330991042181,-0.4146626496972863,-1.3594104722534714,-4.2688524829337515
-0.9188782820816482,-1.6098611469394823,0.8932620280719582,-0.33161896792091405,-2.387175401771284,-5.974115409759574
-0.5109530885264286,-0.8265098820109972,0.3537070995045832,-0.19347575689111304,-1.3232337336874311,-4.059579478359524
-0.3670821952495346,-1.0432685569481437,0.4795795011616602,-0.25211538322259813,-1.4334928195075225,-3.5159222786010367
0.31100775485842996,0.6512096479143149,-0.20261606388794162,0.10982991328080911,0.9808459122418731,0.8078527305480148
0.3075988995676694,0.9644172207228847,-0.49496811544430624,0.24160751518116935,1.2544236450379407,3.183253158621373
0.8736008296731581,1.6466460356500805,-0.8245308288608424,0.5036415184844081,2.5309182885623533,6.162933366398788
-0.634219154986185,-1.1625116415444008,0.4869763692467601,-0.46258467287429306,-1.7569541422262829,-4.609017911454046
0.27322448345340794,0.26945023744539337,-0.22747774002787052,-0.022181444582615714,0.5789421650540084,1.5272154837484926
-0.4775087212706705,-1.0181991694666843,0.3990617726724263,-0.11397141113789538,-1.3776446087794567,-4.130596807768919
-1.5585864816728947,-3.0369458128996984,1.5550336918581593,-0.6899900263422076,-4.5261785980458775,-12.39278583976028
-0.5076356074094341,-0.9692462352324633,0.5404481207284635,-0.26797395081906167,-1.5387147317198675,-3.504068627706272
-0.13630727194764952,-0.35494492730594773,0.19253635284887255,0.006241970454243462,-0.38774702818535545,-1.1033453491422847
-1.192579997984928,-2.335359868497741,1.1460784928912613,-0.4714725786145072,-3.27598246447428,-9.500880303082992
1.6945031664708594,3.4150894076956564,-1.744731284997406,0.9214273609828274,5.241053670462693,12.182106137862446
-0.7124118690127871,-1.4772444318332991,0.6335571482300363,-0.48141467279290545,-2.3804490282023423,-5.829583157580862
2.183952561511094,4.418604990907904,-2.2705899124211846,1.3102343405203516,6.572301076641179,17.06127189819163
0.050269217004208985,0.3771378843529636,-0.15688476095305137,0.010691554262618086,0.4209904354728994,-0.938683196983122
-0.737524748170995,-1.1471467851905603,0.5159089325609232,-0.32489585229205364,-1.713292644816886,-6.086371599200232
1.3491703982186032,2.4544989321737565,-1.1425380613977483,0.592496005759488,3.6779010317747693,9.476899702026849
0.7469124167926761,1.2916969106991645,-0.6846690829104575,0.30737171273373776,2.0202482821110044,5.545346378682853
-1.9535545919197312,-3.686517550022463,1.9536932817501993,-1.0502658463168502,-5.712248579165126,-15.098637919996337
-0.36767253323621607,-0.6415671998296666,0.2734193551807599,-0.17426141762025568,-0.9032732823587765,-1.9381102258777159
-1.3339346780336159,-2.464374164497074,1.4401870176575862,-0.6186503251889718,-3.7606245234698457,-9.056300791980497
-0.2916921793353642,-0.26887086623767814,0.029413655121645052,-0.055084320298677505,-0.2562700676070929,-1.4558055674947874
-0.8787128430437725,-1.7273685157712295,0.6326842296496538,-0.2624417405032138,-2.2870217753676507,-7.100626766268507
-0.15712547916859093,-0.3068742668962811,0.2643372285043542,-0.04527406632268356,-0.6174987676107689,-0.18158608544544874
-1.962311211189892,-3.9705163876250653,1.9330444253743049,-1.0654789984994273,-5.8996702784960835,-16.836808462989254
0.7989538690593474,1.6809989049545406,-0.704987934580366,0.42597345380094054,2.4870438663104104,5.588327125208281
-0.17646857341899191,-0.12481646407575807,0.15705865367571742,0.034986308592156866,-0.2559416383617879,-0.06005271452849248
-0.19024984211073975,-0.2504989875592914,0.20340839192151952,0.10362710542085647,-0.3776646120989704,-2.3629338812088356
-1.0822511326624813,-1.9500391122085994,0.8901397129646373,-0.38007099023449153,-2.9576641119947666,-7.5873284450867775
0.17919965711526042,0.22046727516720097,-0.15437309926235188,0.041657581924300434,0.4469792396812395,1.2824220686006413
0.644228884457966,1.4288353369025337,-0.6551347671332657,0.4718379884054017,1.7794127286005819,4.791906600446009
1.0568768416684042,2.6359241230369124,-1.252000070669203,0.4659099387226956,3.8337771248762653,8.446782041659791
-0.7956383226027635,-1.8565718791428187,0.8360616579825512,-0.29576811698562927,-2.664104042606974,-7.230265923508861
-0.8057990893892211,-1.4527812248127758,0.7108817954503739,-0.49665140529099777,-2.2664828968460076,-6.410880969052694
0.14244678434265268,0.1697070910713457,-0.29438302141057054,0.033254744209082115,0.40065319925504755,3.081649284933315
-0.12016301882134696,-0.1265015620112239,0.16552556575524813,-0.03530138271639327,-0.511938757294469,-1.1500055714640234
0.09362933873246397,0.4002216049821557,-0.07807155826772552,0.08680436625692174,0.5295093273585861,-0.712140846640285
-0.05750543333041138,-0.09205647649654627,0.029488327470752536,0.017140631447504818,-0.019896264410019418,-0.06364450596288185
-1.2802350599420176,-2.4840826878279607,1.2246890544699,-0.5353315779417177,-3.745240117703735,-10.866676215798838
1.500060198109638,2.862925102699864,-1.5122619482068764,0.6447969550897297,4.371195455132359,10.391828534823908
-0.6311988737018541,-1.51111400517302,0.9065098792432983,-0.31097923267558325,-2.398719164261423,-5.1435853139540795
0.017373959297437624,0.11264528052558405,-0.03079188949809991,-0.04606159152070557,0.32453387249649973,0.9468886902070964
0.7822776713777624,1.4094147712594498,-0.7095046985406207,0.3653070718173689,2.1800053407866686,3.959186419015775
0.3270122050837936,0.7658291339350499,-0.31137437219131003,0.1294941116696106,1.3200248625743374,2.9115009152642273
-0.011325615386550539,0.08377197541553708,-0.005766728892612177,0.012806748312123677,0.20880526821098566,-2.040361144697749
-0.5051040310242658,-1.205730242248002,0.4975746023802415,-0.2568562286496561,-1.673198389478423,-4.0981363605326315
-0.506395705834103,-1.0024139353660446,0.6599629708772752,-0.40824950908067914,-1.4647376213249883,-5.356013117661309
-1.2015640782161685,-2.459380124257711,1.2548236821325953,-0.5080264583460377,-3.6033059653215784,-10.618494679591244
0.15296394715665876,0.22836753501462764,0.01788902027112721,0.10142964932034908,0.27283404238233155,0.5550753438031409
-1.2843861639877696,-2.672677740763759,1.4177388611167374,-0.7288936572665837,-3.9850283081578883,-10.910999068913068
1.0270897343257437,1.9357739089985793,-0.943612656362798,0.6126680994909992,2.759909365059966,8.727943416494693
1.1771176697978725,2.2241515182695317,-1.1418888267714937,0.4968646522538133,3.2929014962160665,8.567475677747597
-0.31876191773210416,-0.49207957598259844,0.22607463748957696,-0.13325113820629425,-0.6557258425669963,-2.447013311167794
0.28049100669640353,0.6165881165919057,-0.2943125124087616,0.13057527466855612,0.9032646709616973,1.4678732628280668
-0.6485602758731065,-1.0965033907571193,0.406630423872805,-0.28270794898824914,-1.4143577251978159,-4.796280615436916
0.0750704352219944,0.32390082636817047,-0.014803847740384152,0.06825368888626414,0.3854191337301936,-0.2177913200542685
0.18759885502345874,0.5828779699997566,-0.34388884370700534,-0.001037650710548732,0.8271066612078225,0.6224482904433297
0.6891288228661011,1.164844141373038,-0.5894702073231641,0.41443994019782204,1.7812173537104032,6.684657511035967
-0.4035741250227213,-0.6493112101951035,0.3465675294103158,-0.073529562508471,-0.9147589493381811,-2.543395142805918
0.6706540959431013,1.3757359939730267,-0.6976803231583405,0.24159064881662265,1.9852358591174242,8.123245097313895
0.7516789911836692,1.7268734178539313,-0.9568392806704127,0.38368829771016855,2.454834586469827,5.7872257248131325
-0.6077865435468494,-1.2317733815705147,0.5314548165390547,-0.3838310042015798,-1.9073644313388678,-5.861104504648508
-0.021041112273887372,-0.25617331998158266,0.004615335667477405,0.07766033098557676,-0.39611301987893544,-0.5019188068936085
-0.9938927286075508,-1.8418325575207564,0.9732714746327539,-0.3665084947421019,-2.755635717760207,-7.505203903904609
0.5421527935790811,1.3459859436229016,-0.5819589172784887,0.3514694667125994,1.9215971821569362,3.3808713406088184
-1.1233485776633814,-2.256267582561168,1.1799343652354535,-0.5584394498632567,-3.4165547899867983,-7.748144452642478
0.4093031322252425,0.7947572222459913,-0.24845346802695034,0.20020030178341805,1.1067732100076468,3.4927309362459495
1.2549732551002832,2.0614550829430858,-1.1327420777827655,0.6629564032009752,3.232460372033617,8.712900105557281
-0.6191315306268927,-1.3434228586776304,0.8547456551398535,-0.3543586232905254,-2.010251387087263,-3.5094820124680184
-1.5181876044027551,-2.8461188053265465,1.3881110336594527,-0.7506767941955041,-4.354622760603122,-11.912910373527913
-1.0064044236368122,-1.7772356607902877,0.9140108330749162,-0.3737028144835466,-2.670318854665315,-7.156135771925168
0.6797023567741468,1.4659056452817834,-0.730901863818193,0.45123562474406587,2.3103972482726953,5.438643020897539
-0.166299232613085,-0.4650871397348838,0.25417311235835494,-0.031360785547452384,-0.4845412470367099,-0.6019368019212352
0.8471624480419544,2.0137960369512773,-1.1122761141883772,0.4227277334817457,2.9830365358741027,8.599289468981443
0.34966871468664745,0.805157670861868,-0.3118721227614039,0.08959917684125612,0.8819516427164792,2.13605962214967
-0.011353937537820963,0.25885501005579986,-0.08718633379492284,-0.001652409181121299,0.3440239894898216,0.9887786488491198
-0.5733145825013934,-1.3212150479597875,0.6789402503081274,-0.19935833651711632,-1.8700526203957197,-6.209157193748094
0.09519666331207256,0.10852722548087418,-0.1894715591164962,0.013825926194191297,0.3356046888297068,1.4157270915763798
1.1963004852487593,2.5569462450306544,-1.2675806779306376,0.6352093647039516,3.580337314916528,11.390498448814597
-0.05031459100599498,0.08385177833582726,-0.1220119760116733,-0.05365374686867409,0.1708654796155897,-0.05386664239977998
0.7856997404451247,1.8149261500811025,-0.8696173551948323,0.27120635521399267,2.495118073563028,5.3751960218766
-1.4229757759122301,-2.898378076939179,1.5110802128466156,-0.7908904491587343,-4.348909408331534,-12.956733420755015
-0.4955901191199112,-1.0114040696443118,0.4909262032300949,-0.2432639364760465,-1.4109787987460662,-3.701648539795446
0.9168620645406406,1.9626842054904239,-0.9330832255158839,0.49708788071577237,2.8765418891287906,5.436337485636294
1.8442580670715236,3.771250990683815,-1.9432672716052664,0.8539414587051581,5.892120881346423,14.299833631409916
-0.7501895628848841,-1.3326674975832327,0.7954825775785653,-0.32008763640851573,-2.11338115016893,-4.343312547461014
0.22577085739510924,0.5613672970231708,-0.27305723363309364,0.16074823242454217,0.8508222900558893,2.049734793497064
2.089503432045974,3.739454677264354,-1.9361837476919113,0.8473849313678078,5.653470727765209,14.212859323004313
-0.1502099587832284,-0.34907723259755935,0.14943291607777226,0.056118896308445645,-0.4817161977293231,-1.769837099899393
0.768542683494434,1.525216461408525,-0.8158651849476267,0.48623094592467825,2.305051664044606,6.053298395609935
1.0443736417340803,2.059322265580918,-1.0732695645208659,0.6964906147122658,3.1255981131709674,5.927589117222718
1.2012986588861423,2.49860551944542,-1.3600189832931895,0.752720641990557,3.8907590394432017,10.013026970209422
-1.583967766213309,-3.3613941481845107,1.5668644629821142,-0.8090182511628926,-4.970833128888172,-12.973636464838483
1.3381131769859067,2.703023188751545,-1.2958057836125183,0.6544759186944564,3.943402655936428,11.917148179551463
-0.1822360254374467,-0.6569777770172571,0.3334900500362558,-0.13120428844584664,-1.0677663303666762,-3.6889028836719184
2.1409054331532062,4.037613318825409,-2.0447969471693908,1.077764442244813,6.128257226170778,18.07197130863101
-0.415120830072711,-1.0394597423400578,0.5350865022256404,-0.12326750149982077,-1.4455837900288444,-4.227484491576892
0.2796550316818081,0.4090888899468486,-0.25326056480508835,0.25179394377358033,0.7767563536183435,1.2735359080707565
-1.4209857636830538,-2.72580686641208,1.2955955070236083,-0.6652134117362466,-4.065636631006531,-10.980958559834239
-2.892022953899514,-5.677792806502765,2.806000613070914,-1.6819789693754559,-8.696304180542374,-22.22300315516806
-0.39011832955159775,-0.7135483251921966,0.5435664775212501,-0.15636724248331152,-1.3241310773106447,-2.818154060398984
-1.0015318470254242,-2.0198858739669867,0.9546108385830678,-0.3776510029787543,-3.019075201082847,-9.52685332240262
0.4344329847840227,0.7631726055901147,-0.44153323347088835,0.15518031825497922,1.091527844521582,2.7593999926759842
-0.7194669971306958,-1.512031679156769,0.7215256894469515,-0.41348069538365406,-2.035183833203458,-5.520680143991287
1.3966294245666357,3.124440614218127,-1.5150977033039614,0.8023984357601388,4.588496537577953,12.796584427320044
0.0979559379787845,0.11584503941257247,-0.0033788203142777473,-0.04054700415135927,0.2171338909411457,2.162910757186619
2.0918998864641742,4.129813759311036,-1.964564048312017,1.087531351212338,6.174961095823841,16.572973202637133
-1.6013691301437154,-3.1606099241568373,1.5218298697127748,-0.8897006275604789,-4.802671221050871,-13.956704543078795
1.0490369053682231,1.8793559028041456,-1.0242299117474496,0.47289733119896604,2.669325590695505,8.234598353991723
-0.7445126760789238,-1.590095274908774,0.7974926083581162,-0.37121292990582283,-2.4643659059565617,-4.430812290883768
-1.8685401414275573,-3.7037026192956297,1.8722283308758305,-0.9907129870534918,-5.690530656262802,-15.801300818425542
-0.6185195386960437,-1.0873711816273275,0.36922641859181027,-0.3165141879396503,-1.565076806273657,-5.02736197290464
-0.3399798635507058,-0.6975707135400055,0.3529188332985334,-0.1095529405003361,-1.3757306492332106,-3.6008862563014805
0.5564093705782255,1.081119483931551,-0.46660681834629,0.25168009150042936,1.6683864444620784,3.89889614921349
-0.7774810463288389,-1.2008687618108627,0.558063323941993,-0.23314188508361325,-1.8016914092000593,-5.733851859474676
0.10307681104027201,0.15809955351177254,-0.20393936914549776,0.15928530871279567,0.2163288398935172,1.257976133592552
0.31453181689123133,0.6002328779583253,-0.21839235990849265,0.07602108501478538,0.9534427705665113,2.6244553551867984
0.006020898059628944,0.07482467371726789,0.007104137809987886,-0.07414175109603396,-0.019960585022993166,-0.10103871579296356
0.6781691256507186,1.5138799679984922,-0.5984106201173566,0.46324725012045803,2.2224611823743694,6.003987012280235
0.5123782744006998,0.9190513541538101,-0.534514579774042,0.2217340051846073,1.6847440718892024,1.4022073549508374
0.8813985824200413,1.7478171099879123,-0.9899323164274102,0.3837607588082913,2.624863580438677,6.050189994027038
-1.4298183723829518,-2.853118877598366,1.481784273470477,-0.8466371690804053,-4.274767116548649,-12.316862416711524
0.3367233441579756,0.7497497739395358,-0.19385951264372406,0.1705423045839016,1.0651415264327133,2.0967645008693436
-0.12484162854508447,-0.08255153754015793,0.035665366605366136,-0.07413951092115448,-0.37893453055898785,-1.4187995105873665
0.3535777773912601,0.7144501706509071,-0.41021794187768285,0.23498904490633937,0.9828954709907927,2.471065213282548
0.959187416074255,1.6346945892236129,-0.7975289099220214,0.41685151949121085,2.625588537883061,7.2176000379733605
1.8196623815850503,3.316247594488589,-1.7231963789655476,0.7884866158801292,5.084695101423591,12.093885808246508
-1.5920999439335437,-3.320108990221694,1.7339627647923197,-0.9092165215737781,-5.105140066162371,-13.202182814699476
1.3888727942089818,2.7803196230956404,-1.2886180792046593,0.7217940748037962,4.163078054763662,11.543525989222326
-0.06481532624458536,-0.3897214396384128,0.13304453691867837,-0.04081476771465227,-0.4963249445699445,-1.5104579022348796
0.8101057933836436,1.1798276444285274,-0.8619568437519117,0.3940319409507614,2.0975038414538445,7.286510379006212
0.3159330342368022,0.6530641270111022,-0.3544516156413086,0.11067975428412476,0.9819310250093272,3.572780984328567
-1.527808802790298,-3.1301123042607824,1.5539585596414442,-0.833678998039826,-4.6297075245846475,-13.443630287013637
-0.041114658232475676,-0.173801456851428,0.05375197393310853,-0.23509379949221892,-0.09092614158782053,-2.0026487184209776
0.23012445463371076,0.5793737209882341,-0.27317695538412023,0.11146664189715504,0.8606732317690177,1.6144252148166758
0.08440949492479602,-0.006430051702006626,0.18832205428103654,0.02187935192378561,-0.13144517236627556,1.3988281301539613
0.9004880502253898,1.8878838636366224,-0.9289313232293785,0.5010147622947181,2.76962206144135,7.247810549097874
1.7252728529352552,3.2711080089747173,-1.6721017498289112,0.8204544472790679,5.091366353209167,13.683235203874297
0.23037717147575615,0.6070663222144124,-0.254202281413573,0.1809935399450081,1.2057967022546674,2.6632471529261004
-0.6681803324559517,-1.0252409309121742,0.574482291670428,-0.1264547764037934,-1.6154965374934462,-4.647071513021577
-1.856617764861246,-3.596461117524958,1.7800046361298554,-0.9739505907535879,-5.31078479837061,-13.016712957804359
-1.060235052441043,-2.1705775083712195,1.1869345135532796,-0.515078153354588,-3.1566644384120295,-9.517130157333877
1.3035820524251023,2.804030330731021,-1.2401017973869095,0.6116723797194173,4.024648259495874,11.065810206057419
-0.16130945225722906,-0.44463635271966273,0.2235497526569864,-0.16117296569297576,-0.7234505445699972,-1.4579010681727753
0.2647472516850726,0.24898896707495394,-0.16967849614480843,0.2168492019533625,0.48178903113272636,0.5135141934471561
-0.8632622868274048,-1.9544521853032455,0.9281395056752456,-0.5168249879497074,-2.82577668213653,-7.6682487924208225
-0.40396351991109547,-0.7534341812609213,0.3960745011641178,-0.22356009063009583,-1.0860271461728546,-3.602327654196923
-0.4507448798827597,-1.045485553845762,0.388416121180872,-0.280485946898068,-1.444105240393361,-4.1255192202139295
-0.806135625359177,-1.3851971616781495,0.899835861287073,-0.28710453763982346,-2.175867898539935,-4.8709530312309965
0.2933273238060397,0.6372859948527373,-0.3410516908358241,-0.01929413230077498,0.8752375825033107,1.6188745749116715
0.44511322486058075,0.8232102866522322,-0.4858818161602605,0.2647323870971725,1.5123296100828674,3.7911728546073076
2.321198796188074,4.886555107433367,-2.3169089412283617,1.1444652865696159,7.161525008291445,18.311772518142366
-0.15935608882525643,-0.28341241117567195,0.12349178000361137,-0.14481996673012137,-0.28177061864774083,-0.3261338021719984
-0.6262614780095593,-1.4746650310679112,0.5525552026575724,-0.32244667184081943,-2.042105923136466,-6.1937210864030625
0.6830298998312152,1.2933724087288274,-0.596026531431998,0.2892276518063345,1.4802879132627802,8.150349691029149
-0.3670363585838571,-0.8641145695087897,0.3512706835255281,-0.23446466719277914,-1.4157973614443773,-3.8363184394620133
-0.2501199693999258,-0.7179695389525599,0.26286695709666996,0.07018190258258036,-0.880485449854402,-2.110566340974101
-0.6489313778613597,-0.9259413410191245,0.36847544666000764,-0.14381798727281173,-1.2722683895026403,-4.667914951975213
0.6835555171703119,1.3332540613862607,-0.6197670172268275,0.2265129657325832,2.0031741632110074,6.65405665786415
-2.2033817578381076,-4.26775393978904,2.158459714680114,-1.096970933502774,-6.385995106866502,-18.235584735031278
0.9950256261621934,2.104114727765737,-0.9117222433702451,0.5338522955956265,3.051637835281048,7.3850995909949315
-0.43324234357431257,-0.5168152936413324,0.42556045610242865,-0.18545255876197891,-0.9770530244637048,-1.6417630128026215
-0.7776601043657497,-1.3514517970892919,0.7086070103010836,-0.38356878063488486,-2.08297023705791,-5.2226633896624515
-0.9436079823234512,-2.2673721447601856,1.144630875955607,-0.4928013572992238,-3.2339672878743353,-9.088074511029646
-0.9740829408519069,-2.214851257444041,1.0619532037886505,-0.5102881829026189,-3.240839959247806,-8.007186181451063
0.7733045226415328,1.3986672961897169,-0.6716563673304796,0.3392617826776117,2.0115629647617426,4.623536147508816
0.3939478367647579,0.8995555609525764,-0.4704374166247919,0.3029327466117807,1.3742572051630257,3.6813731280880826
-0.297556234864913,-0.600223814643801,0.3064839870734871,-0.2811855027831145,-0.8611274359227584,-2.0231158611395736
0.3070624531287056,0.7528350011701294,-0.4237237687619243,0.1534331468322067,1.0824360665244699,1.647487565267368
0.03993314432976758,0.03002843328311279,-0.07881312848926669,0.03534592434867764,0.011380092153785916,-0.2757387836462246
-0.9660335513474173,-1.7932121184009426,0.910567282788051,-0.4724936984670973,-2.855937487478902,-4.660136754004016
-2.4271827379473714,-4.571886409278212,2.280902701845266,-0.9905921895040167,-6.753746429709988,-18.551681395940744
0.9272492689043097,1.6828783389884874,-0.8992557137027914,0.4772054886011063,2.9325016042630456,6.353792348605114
1.148561162455688,2.637373876641259,-1.2467683423996625,0.6956467486616991,3.8284318841342495,10.546800473706012
0.04506618141217377,0.18231399466080256,-0.15877922433271222,0.039756530763676724,0.16392514649600265,0.7171292178429413
1.0734362019608334,2.0596725419235153,-0.9650855942187231,0.47630959414070073,2.9114315327164877,8.805449244410502
0.7441581300625029,1.3265803210575613,-0.6068625810413066,0.396751933701693,2.230575350227124,5.681718083356457
-0.10598970661032958,-0.6075736123618678,0.12594235873541573,0.029166993782830608,-0.7637489568316564,-2.067475496139245
-0.7455221822539441,-1.0206898269353541,0.6414861693203742,-0.2517186128955961,-1.6891334368707591,-5.938133467555258
0.5452513854930625,0.7403947020242228,-0.41071717266902164,0.288963241412831,1.3833016629443387,2.7762281667337345
-0.20221673862470976,-0.3020963077758177,0.12299442106351544,-0.021627312637921614,-0.5381525178019352,-1.9329034176816053
1.1556746905487971,2.3795962998243594,-1.2723263579295245,0.7059369518613967,3.389426750326269,9.47882484570838
-0.2855916722803118,-0.47104524206192855,0.3233568136406764,0.026842154849326366,-0.6925725256697883,-2.4419226500612363
-1.7407258423740182,-3.8411563302404876,1.805142012661987,-0.9305827665528983,-5.575081194764615,-13.12195496724093
2.2349166292517224,4.310806796968195,-2.2271539573558816,1.073024842588788,6.588185051223413,18.51617102645504
0.4653708890730886,1.1885604739006328,-0.5003917845582834,0.2658164855778937,1.8443536965293263,6.965403312123932
0.03994140105485844,-0.000769541702654003,0.13458723076535314,-0.07175923398355533,-0.4042018023027182,-0.7007103021386261
0.6906715975399258,1.3804111140383735,-0.7317837010560038,0.33761315664225905,1.7659354576828143,4.640700044100611
0.3547240317106941,1.1239436321091036,-0.382852091829039,0.1497648000792572,1.5672010939791814,5.385255902981852
0.5324228751526295,1.0098726135789098,-0.6103803360901615,0.23937112481649797,1.6048412746943845,4.236412334167093
0.6927540015343078,1.373672144967252,-0.7561910846677208,0.2766041991563209,2.0560963148616036,5.498461258498222
-0.3040075501334018,-0.4018664583791477,0.15424905840847303,-0.08034098607864176,-0.646457608027377,-0.35380423149580165
0.40521944489148465,0.69008120920906,-0.4546271584467323,0.23948391970036909,1.1605076943770838,2.8767597145241575
2.1676855914840742,4.3476317472481005,-2.108271829495937,0.9761146583996881,6.285808142426443,16.639768063207796
0.17912491583783532,0.41007262099295455,-0.20565946814562572,0.021287600754521796,0.5530150154095634,2.8057699741200164
-0.1707692853552275,-0.2883505543045237,0.03770915124747911,-0.00944764213956261,-0.2849270216869324,-3.047102494552042
0.8163464815373714,1.1913946307264176,-0.6405462677847898,0.27099624070344464,1.6729445475880984,4.376399480681199
-1.4155691097293923,-2.7450824360366854,1.4243779946884938,-0.7567377220328932,-4.171689722179318,-10.631182720588589
-1.080104882209548,-1.9137433302857116,1.0735762265954505,-0.4589064249705788,-2.853697737617407,-6.680910606946221
-1.490057652430037,-2.9514180963789807,1.6190336824474276,-0.6499961762363035,-4.632048991480069,-11.181337058413325
0.7284272153768134,1.5678164399519021,-0.8828182309755097,0.32023319325233884,2.3550482465858424,7.100757397090779
0.1219351145323289,0.11755945987814412,-0.07783323482897443,-0.008506768475304927,-0.04265562392388516,1.5461115132068461
0.6546562792851855,1.51023266705111,-0.8238059343623303,0.4533043446827783,1.9593248426566592,5.459972159122079
-0.6538458220346546,-1.3956362473161346,0.5325976372075876,-0.4615924608619303,-2.170732302421272,-4.222878529562143
1.6858234804490257,3.3763618987873985,-1.6915115696260212,0.8489599435463515,4.9039473673396525,12.41620783113045
-0.3789399315888729,-0.6642971973362218,0.39002349023299876,-0.2190710853851951,-1.0937263450476196,-4.744979959271269
0.4970411678137746,1.0083088674762197,-0.4616496541566955,0.2130271290258891,1.4388356753025693,3.402737579525442
-0.32625191376760926,-0.7357929975273413,0.3084018037539007,-0.2781986344960331,-1.0635955785151512,-4.523651584960461
-0.61757137064737,-1.3078251579398819,0.6482730759583106,-0.3483492427875518,-1.9102831632487391,-6.26436735922563
0.38492544765073355,0.9067446285465237,-0.45440984045209704,0.17766323466468215,1.3517131734282513,2.7069728683224943
-1.251578274209981,-2.5262495220161387,1.2245500733762489,-0.6551004469331411,-3.739920219745478,-9.694529570005908
0.38704740522743847,0.7802379987835879,-0.32874650555415813,0.17921164519471788,1.2260756112483853,1.973672975808119
0.5461506618514151,1.156630540984132,-0.5794355677579317,0.2185550637973268,1.5765964473321643,4.291558417906135
-0.5631742084941492,-0.8187244907333917,0.5414483772906079,-0.3924691647279692,-1.5493128747316407,-5.409750816693493
0.3709120323714469,0.21852381408519914,-0.18191424300241674,0.1849008663579331,0.42998006764639235,3.036573007236938
0.9317957616669986,1.9388306632478503,-0.8592596253882345,0.35483554618588425,2.7884311511393087,6.975720824019896
-0.06744585287417805,-0.020414654011844384,-0.025189039137751924,0.014240692276565561,0.1997998412548768,-0.10019104718496022
1.5371788712551766,2.955728033720308,-1.7151362423022347,0.654335684873119,4.334126803537311,10.736986913970995
-0.47439965879650264,-1.0519688961319413,0.49997601637877964,-0.1253455387633846,-1.6174268692255316,-2.890206495348017
-0.04174867429899349,-0.12804503899726066,-0.017567127068135,-0.04256961743104243,-0.25829793310326543,0.18804887260335956
0.07786394590097868,0.2896962746338712,-0.19644946844646616,-0.10087388874030173,0.3729280438393472,-0.4865945202415287
-1.3822665719279295,-2.713302759612611,1.3330180582719624,-0.7690279997203413,-4.0654097878832225,-12.368163776116353
0.8823240892656906,1.6378122202810743,-0.8588480528875776,0.35517088606933456,2.4905183731479106,6.65213095727464
-0.8387209231865218,-1.3568411481669005,0.65856897479622,-0.2897289872609122,-2.133061988732636,-3.255777838596868
0.4503789826438537,1.006401220569458,-0.6297970684409222,0.2447573201379818,1.5420534456605088,2.6883060103204395
-0.10991749333251848,0.022257004196883267,0.003512851502355762,-0.07282690265000315,0.09369702631235344,-0.31009176792382254
1.146512166633219,2.1696606140138956,-1.1059374496495238,0.5836129280569646,3.31022688954716,7.232571644075091
0.8816618946189348,1.9438015211493442,-0.9122084634307157,0.41130265694407686,2.7796005137026927,8.854728183231517
-0.8863368325561041,-1.5195948161282424,0.8503208132919006,-0.24773197549870646,-2.166091245792522,-8.704788777592999
-0.27537227422701344,-0.4883694000414499,0.14953123989280437,-0.1405656322077426,-0.8061079182294231,0.24186922931968668
0.018524236311754504,0.020689396097096885,0.016705478220290344,0.07664168030232643,0.27273437933609146,0.4621045888983992
-0.5267202408400822,-0.9981246029977895,0.4360811770708642,-0.17941956079117644,-1.4495917110798273,-3.818865159831715
0.7166125358051554,1.5841560590989028,-0.7193161484644157,0.40712144536797323,2.256739558306529,6.208184742463871
-0.9274882681121508,-1.7008003478828928,0.9319608812601824,-0.44864349772425965,-2.541059729979697,-7.342433986469548
-0.7818155612373595,-1.5348897088342386,0.7277147078039028,-0.4389268836978177,-2.388059808893389,-6.01400276319811
-1.453068647007769,-2.929100489482027,1.4914427205695135,-0.7824814581952331,-4.40264513649355,-12.77376296940583
-0.6972886764894706,-1.6287140912523057,0.7096501239526178,-0.42682667308254146,-2.2316680733814502,-7.48667551549218
-0.6758118805002573,-1.0454760615278311,0.5668718290232541,-0.3360392150552257,-1.7578499504592469,-3.9301882700340895
-2.1594388865015612,-4.12846072897094,2.022579504363878,-1.1518758386209018,-6.2756099866452075,-16.738062144524548
0.48248839156082873,0.5202304491837613,-0.4441686730091196,0.06621659225858041,1.0548817251071405,2.074476900617541
-1.453890582992363,-3.096964960529505,1.608103414880601,-0.7422655842592454,-4.609585302612496,-11.115663059461388
0.9360394157285283,1.5986759265036077,-0.8413645888496835,0.5257090604180507,2.536572719279321,7.198675875393735
-0.9337977495370237,-1.8145165339179847,0.7707558417977789,-0.44155043317411297,-2.6453963175115325,-6.643550119783895
-2.6426683547895617,-5.211553275784411,2.6272664336686002,-1.247471046387874,-7.834167285605718,-20.7650487825411
-1.0210952139097054,-2.1864048357691277,1.0546570277834506,-0.4047212859319058,-2.970016255986512,-7.370480667555688
-1.0730977836447058,-2.1378107221532097,0.982763471535219,-0.6556142226274088,-3.1451594941476135,-7.450228642069831
2.2691419293845123,4.484994475218633,-2.180528550705415,0.9907395707892009,6.635443205745695,18.85173172394537
-0.26249940258136195,-0.3977698343373353,0.08051349056673324,-0.02314781323019316,-0.7641275162374838,-1.282201510642178
0.058929796879749044,0.0806919288476394,-0.08160819635417028,0.06731349022528532,0.042473856057712235,1.8225412962287257
-0.433116850613669,-0.9979516858033772,0.492754247541346,-0.18397025668401806,-1.6141519360337475,-2.8151755378320598
-0.09170192658882867,-0.19526776407499674,0.1814703760797039,-0.05711320470114566,-0.2545978892998403,-0.1576858952998873
-0.785320634985381,-1.6006465178312703,0.9001038163868622,-0.3971591151903887,-2.645865779769779,-5.0532651139434055
-1.5223315418483936,-2.943736579613797,1.4787421206705873,-0.723768223280433,-4.659691962647241,-11.318318225403885
-1.4480253347039034,-2.881112069951673,1.4231683679176494,-0.8436194646767787,-4.1245326018769894,-11.244259838787501
-0.3697175262666365,-0.9795813169029712,0.5093581816416382,-0.22135624948723545,-1.3392500559051563,-3.280514955286756
-1.0605603721946442,-2.1018420215986477,1.0656473292561321,-0.5858280543038924,-3.267798897178851,-10.14287082317445
0.4143771159422146,0.9108717299120608,-0.44037531090134235,0.32690555851755365,1.3605637436958755,3.1279601244652544
-0.3534760536665194,-0.8710882539050162,0.3297640349196995,-0.16336891295954206,-1.2300919558101933,-4.1846635853458904
-0.0844798620001435,-0.044227930811743386,0.11387713210975715,-0.01972100304937972,-0.04448627186156736,-0.8969075821319561
-1.5070446646638236,-2.9611053705867016,1.622237082557599,-0.5323409638158081,-4.587324101821367,-11.74863501880702
-0.9518567565455294,-2.1207073532639593,1.1768760090428323,-0.5022766812943403,-3.3106621360921116,-10.586715406172466
1.3034842329234793,2.5207423016046495,-1.3161802982701742,0.6944341394125596,3.774090568682417,10.455979457458042
-1.1966777928208954,-2.22099413040674,1.0984278914045742,-0.6366630582180663,-3.1819889309451086,-9.66731936659689
-0.04459742773347909,-0.013040978721778923,0.003394411909991339,-0.04755947166175619,-0.29817790724084847,0.844402081716796
0.43880477815585706,0.8750016757759697,-0.28084733281677055,0.20425675695193665,1.2316649977547287,2.926331910608983
1.0780193192132386,2.1003500819183634,-1.0828431615373797,0.5592033278885618,3.1409745105981757,8.618830433953478
-0.0938879546254562,-0.23157108053801737,0.09337432975532367,-0.0908510376363671,-0.5325156730051915,-0.24123567349791464
0.014224565357809832,-0.3622239863769885,0.12330594182909715,-0.007430382745065037,-0.3851042600973735,-0.18456418021410254
0.32555161528910836,0.5477146867493086,-0.5373322440489313,0.148066584980366,0.8570988559295283,1.6664538136737292
-1.2834599036054901,-2.618875313400722,1.451636193119002,-0.7271678029899495,-3.88104379432399,-10.354483467416902
-0.4563399532118849,-0.9224342073504023,0.4542601985261233,-0.12250598791829453,-1.4873266306172386,-4.90329234403133
-1.0529128498766078,-2.3215748547125816,1.1457932745982222,-0.5608588329308256,-3.425005643283228,-7.87543540272708
-0.5706805289577677,-1.1479233143712877,0.4724271630174094,-0.26207756305899593,-1.3466554610751005,-5.282672427366737
1.0000931906693664,2.184087226590271,-1.1011130161167373,0.47951593577970425,3.123938766085287,9.556983141033049
0.7371326155643015,1.7749483409489317,-0.8446861292847337,0.29172110215051245,2.487121405340304,6.150045349218882
-0.6947400685888269,-1.5554764126301908,0.890364008095791,-0.470023086970881,-2.5312458859851215,-5.437746659836343
0.1031057941189847,0.1209061349453457,-0.021576605067474518,0.0811178929144211,0.1082749681933972,0.8594010769887861
2.0816386908499305,3.872772528752404,-2.1050211818335636,1.0978148807614423,5.900478569018789,15.940452989612265
-0.4619751980892221,-1.0093987790379948,0.392915468197209,-0.38687081641340615,-1.6557823166162207,-4.920895661154513
1.1496911479241259,2.4475327212872555,-1.134987212288807,0.717463485744242,3.6295588370594483,10.20515323530497
-0.530582816349944,-0.674422676786461,0.38431924204856605,-0.25791921898226233,-1.110046561527861,-3.1375311779133
0.08905213268125775,0.31904074447271763,-0.14206323218509523,0.1435594329485024,0.48225073671852703,-0.08893294629702009
0.5233164312489349,0.8010742318182869,-0.38388954725913615,0.29604112667760163,1.3577450170128522,5.040049799401142
0.39597131396799007,0.6748934797662773,-0.3495479321642863,0.1664796804094875,0.868878471296667,2.2491444047653513
-0.4898445225707554,-0.6015827169742834,0.39711775958773665,-0.07253202838471924,-0.8797240178403543,-3.7674847641099287
-0.036494209974957906,-0.23359215456860932,0.100979591707425,-0.2688232782287801,-0.49825650548699635,-1.6816563930281512
0.14031604958275515,0.009520886738315415,-0.04066006198243551,-0.0659386218193407,0.3865292057600386,0.6318996422694774
0.39164963960486177,0.7797257866444477,-0.5518809014822375,0.16104823083493375,1.5193291786114802,1.9784878262292942
0.8607172847377627,1.6450741851498543,-1.0259150268624364,0.36952654091754006,2.558655978765889,7.270321661101653
0.03462505442695976,0.30923783228486346,-0.1292811069669566,0.03589898653376356,0.483383225765244,0.046685934221924685
-2.0592170482895824,-4.070742771024745,2.1052794272919404,-0.9463197541353211,-6.027321918857221,-16.92512302117375
0.6777674590835264,1.0391084601730234,-0.6093663525476383,0.37117925892907283,1.7131770908989414,4.350831902600236
1.1993938843611998,2.235106872107004,-1.1332927466391995,0.5770576111238817,3.5980113789881876,9.875185688773795
0.4941737851136715,1.0086966126233918,-0.5946412750124054,0.12540224402829492,1.4816767120851488,4.3938126523214525
-0.5633290920263152,-0.8939870410368617,0.44650734992407887,-0.19158938449513502,-1.2617552231952363,-4.970279420053594
0.25441337326669616,0.5202151149868192,-0.3068293926430297,0.1452610508308742,0.8220600684439687,1.4317484034406216
1.6155833777413287,3.338676513512753,-1.7868110725833701,0.7514252233768082,5.06169404416556,13.866082081784565
0.16087088008641,0.4576384630810461,-0.29410913177510467,0.19294043389081666,0.43370668862165107,1.173757820925578
-0.6936508677211307,-1.6103194073820917,0.8962309287076861,-0.2829687942214457,-2.3553408429885847,-7.633219747179879
-0.7937816050388968,-1.4756571651058907,0.784219590261343,-0.483292112091488,-2.1987788701464335,-7.141144532913647
-0.3332967624949732,-0.7181608381749189,0.4793975123917045,-0.08579616703537418,-1.1671903393606833,-3.8952331839739434
1.1588448151866562,2.349833541231096,-1.1477756338520284,0.6733352861157547,3.5110786448527165,10.121509371556751
-0.6281225019375074,-1.4822509278618412,0.6574561754410367,-0.3891935434973648,-2.092287192927525,-6.413778191317081
-1.9085324169145867,-4.032233112970595,1.9934253717035229,-0.9637039652954608,-5.937600853736667,-14.36176862910914
-0.4165569552294111,-0.9356175632987771,0.4902188054356722,-0.21411383542053775,-1.222057693523279,-2.7101623396451684
0.824590813636285,1.5703576719844143,-0.8811127625660595,0.4171747075368979,2.479767299904117,6.005176288008264
-0.627929483329654,-1.2208032569073641,0.5940897193167607,-0.5319567347250194,-2.0813078071188915,-4.8536186242434205
-0.16361979602113408,-0.32580588389610166,0.09104611695886876,-0.13757254098385763,-0.39958952177007134,-0.7336071541704137
-1.4587778183868216,-3.13534018811695,1.6296478680201187,-0.8152947323993616,-4.73560663697183,-13.229397224259634
1.6965925172524081,3.1476383867473214,-1.6888994867175544,0.7672327939890001,4.797505083079291,12.687847008293156
-0.7827671448943512,-1.6611787050928928,0.9024565061555634,-0.32217679906861524,-2.333806114337944,-7.161304846408441
0.29559067878157863,0.24623196152471066,-0.19038308004470075,0.21591826395107566,0.7654429559414366,0.7242687948897196
0.3597674344548304,0.6489104911340972,-0.42339424062964004,-0.02265521750818919,0.8410085563489662,3.2352061188345287
-0.15079874612980992,-0.14689766426471695,0.24277046309219277,-0.10966006724089838,-0.361094012697712,-2.053867471865601
1.6231540165651963,3.385379164596459,-1.8066781531023004,0.7838684462081431,5.3086845274278875,15.58501856436774
0.23379901486824953,0.5791064857595515,-0.33324487218684784,0.2373622058454834,0.7791336915934327,2.513965989939179
-0.7076122032107715,-1.5120866724619668,0.6927558503453567,-0.2744090177781826,-2.221898468402529,-6.864455709065337
-0.50092736754367,-0.959530325168667,0.47254836569555136,-0.21537833654484106,-1.4313034067199242,-5.604692103385522
0.40997527567852665,0.648048221147499,-0.45557864601538955,0.17543611268624168,0.9791321839223522,1.94674715023256
0.17830389573248967,0.2817688366939247,-0.06606866346885151,0.0786905052874319,0.21535777996366978,0.866903345384139
1.4619978011004258,2.8193622646131278,-1.427124648577598,0.8098812426701959,4.2382404575381285,10.19503818617168
1.1020543757810166,2.1994580470002623,-1.2499552683926511,0.42724309918068676,3.344931262881085,8.040144090486375
0.7062762155595953,1.5068783356253594,-0.6595885742005205,0.47897635893271984,2.427078114769146,6.062571762250895
-0.680115071782274,-1.3228360390126142,0.6753573836342155,-0.31544720663666465,-2.261162982384393,-3.5646023670098477
1.0021832619633053,1.9824123698834077,-0.8917029196159737,0.4619101893478821,3.043330202466827,7.659673760093207
-0.8396258050594146,-1.8784419741371046,0.9598679539129107,-0.4891518424244835,-2.778955233986631,-7.286437696924361
-0.5961976982769077,-1.3166682282385513,0.7238819815138711,-0.26768550260175916,-1.8668054132481537,-5.509649049415434
0.6497552982142024,1.325624598018016,-0.7208618944675165,0.29389798141823376,2.04153458915812,4.9082743129707636
-0.661610355782196,-1.4304033604992141,0.6319923925321227,-0.3562800823530681,-2.0981655149074117,-4.41104412962748
-0.6260151791382007,-1.1035602700552525,0.6446840041308974,-0.20908007331315331,-1.7949686969648724,-3.8524314572604705
-2.0632271404410756,-4.36803645968453,2.1862660279662096,-1.100360378527962,-6.600616616969418,-17.48239712417521
0.45316556233914845,0.9069935963110205,-0.34152761043594987,0.0686633948218423,1.394350307696101,2.2335690868466296
-0.23875396734963913,-0.1605082684603152,0.14096743485866264,-0.10201134454327063,-0.5957898075991754,-0.38663780336734244
-0.5625437252714222,-0.870657904805342,0.5726196518662923,-0.23355489732937895,-1.3374432914135288,-4.62449308193076
-0.8760779360323121,-1.5289448886019632,0.763092769902348,-0.31107912012697597,-2.4881488466945942,-8.376861607574103
-0.7786494913273934,-1.5078570285346324,0.9057283209737789,-0.37149745169857,-2.3501362418014775,-8.774737163772013
0.26574906503090695,0.5006139701496906,-0.31593794814115467,0.20171111237719663,0.8791384217696947,4.02881165803372
-0.25844292642057703,-0.23869713057848702,0.16912516949855694,-0.13902762555629333,-0.6952516746975025,-1.0910488983335083
0.6731857061795393,1.2292461141423072,-0.5621685909349642,0.3471926765628647,1.8582461999045377,6.32966894923744
0.8675769536680046,1.661967505282124,-0.7882364232551197,0.3800648866823505,2.5456046864749937,6.0780284158156785
2.0552322110089545,4.318965448325759,-2.0788229193476435,1.1365606682681195,6.395608564000731,16.942750439352718
-0.41426682203052073,-0.454787659064055,0.3059464266468829,-0.16371223617974348,-0.5796719953207947,0.07094702757556748
-1.0085452506021322,-1.9565144213922716,0.8082975680064314,-0.5535487195117923,-3.0188165733000902,-7.4033164521372115
-0.41769599883456277,-0.42937918651058027,0.3248625187875225,-0.15248324906974853,-0.6655480431316421,-1.9421716101176578
-0.8918734505467656,-1.8139705295435182,0.8475624581684514,-0.5393166388849336,-2.7104868090943572,-4.888723459908795
-0.020460514536494872,-0.1589237756229723,0.01651986050334081,-0.03482865606334892,-0.14199046576631785,-1.0555037940181986
-0.0936975550673953,0.0019949418677281394,0.21265169396053793,-0.08523733471171253,-0.17507081859067658,0.06278807827422672
0.5220052002324224,1.1205010473148422,-0.5361551263215931,0.16047595179936242,1.926456468605161,4.630470867930034
-0.31613157415156873,-0.6940806896190066,0.4483053887486834,-0.15876447297504068,-0.9471212060046886,-0.8956666403967979
1.0163898513330283,2.098788477373594,-1.0585170161002888,0.48699540648323236,3.078156099935121,8.560566012535142
1.2530893503301492,2.015966904570057,-0.9090999178719312,0.6293913820013661,3.2859817135623604,8.614243901023885
-1.7725309969916563,-3.823736122721347,1.920233062997112,-0.9672205655580807,-5.7343124411108635,-14.319179560973415
0.4114828599279134,1.0414448953661921,-0.34191357940188916,0.28242535695535087,1.493551382710106,2.9950187870545237
-1.0718555366678622,-2.073215924884361,1.0403079125491907,-0.5355954937106793,-2.9187647492301445,-7.8627181233309775
-1.0723520760995051,-2.091696541267297,0.8955420866238352,-0.4418549787794391,-2.9517363317014085,-9.165658261727701
0.6335621906409683,1.2089620453904208,-0.5906835590504548,0.2918726581112718,1.6633866951442384,3.106951637914293
-0.8695143636650294,-1.6783558335025899,0.7925632592554243,-0.44113367668720194,-2.523628618734824,-6.937656931326881
0.29659804829638087,0.7375287787205544,-0.3107650608070265,0.19915654845006944,0.9781215682417826,3.074923068525641
0.5281494682999572,1.4504407424384516,-0.7233804326318248,0.393293779675652,1.8629588219303477,4.579341173999629
-1.7108807664634522,-3.383500286268233,1.731566416016883,-0.8478492253420866,-5.197228096614477,-12.307793352556445
-1.3721797724021967,-2.752688121436505,1.29707202194187,-0.7848851111265776,-3.9489762273048554,-10.247979922773839
0.06008080834115985,0.06645749937963497,-0.08043391764458355,-0.036828322029548145,0.22179604217327778,0.7669668017566769
-0.2152219215603458,-0.447596335683,0.31151581186493404,0.034409396062915,-0.8556406043380056,-2.9899161142780972
-1.2323187553404058,-2.5605483596506478,1.1740610700043241,-0.5412011051770738,-3.5911458085104515,-8.410829675467905
0.934682208419538,1.6649650351095346,-0.8822860862004219,0.49713017293443806,2.6296110433010753,5.1523063173531005
-1.4668151393943096,-2.8459714683392856,1.4939766544651505,-0.5498198541587132,-4.1393659899031086,-11.218492067011093
1.9778411645089353,3.928615413900394,-1.9121295254678907,1.0009186887286305,5.933765918440368,16.494943545463027
0.05391287866242491,0.1915320586557371,-0.21837867626743374,0.07954019300388324,0.2661796787132341,0.9195048655958827
-1.1192414326796327,-2.2988318068588507,1.1561785439169987,-0.5487546297790431,-3.53658946354808,-10.53099724972753
0.27795710912894933,0.955796744522234,-0.28869350052390097,0.2567137771196545,1.4305867083277437,4.651139012315232
1.2263573549979505,2.0187003553264433,-1.0714931528392104,0.5607640612301535,3.0033943309700954,8.93639281366239
0.17057944208012088,0.21887096980544657,-0.005445415682209034,0.08911387510810206,0.20514938805963595,1.4122466289746778
0.8404103706768413,1.4614221311751316,-0.7235061068535276,0.37371048139581503,2.299663000147261,7.438882105530811
-0.32439162478136924,-0.5741453119243092,0.2047788213549933,-0.07655524590241763,-0.7651563797509251,-3.0438995693510407
0.7855677103085594,1.601588345630125,-0.5973303174037107,0.5368862451471503,2.3459020199821747,6.684350797187221
1.2158959670816913,2.198676234251181,-1.2116664554758212,0.6258676335321569,3.3589994252961524,9.87112388147206
0.48702213252989135,1.0449882610342522,-0.4571910396884209,0.25852384369172593,1.5661652130243515,3.7626910268557214
0.3568287392638031,0.9342834949390223,-0.3326582527247813,0.07960538952875262,1.2113012894888562,4.864807738315217
3.25861796927567,6.594539236033141,-3.4047884515968154,1.6926403819897318,9.927148670562678,26.506758393814593
-1.021727723320096,-2.0222032561902186,1.1929250376245613,-0.5131343157453863,-3.2567440707210924,-7.232993943565741
-0.34340571541190956,-0.41958784501812074,0.25053789256966447,0.0358820272670238,-0.43327221743699146,-3.0110292730718258
-0.40316469014412526,-0.6208717352411347,0.4400381671196895,-0.2001869480197419,-0.9643876345122548,-4.198334657785739
0.1297191853368706,0.46345657898553067,-0.230399245102556,0.23736046128789373,0.6644399728513843,1.9228082792735883
-1.4048903106258255,-2.78933424082244,1.434247651594848,-0.6749766141356087,-4.210649953449146,-12.365944269818543
-2.4961034758252274,-4.732504747483573,2.4708366265091835,-1.1120152939160057,-7.194179669901958,-19.222390974502126
-0.11938024470547351,0.04881032101898246,-0.06908563019966321,-0.040088288940950026,-0.027226977833937356,-0.44709680521009204
0.9791315927436242,1.752639139665137,-0.8957717621624307,0.451624480154824,2.5845583130056156,8.361938256373437
-0.6005430966136157,-1.3572337372237264,0.709207916618183,-0.2236140035511369,-1.9199968858260104,-4.573509124866095
-0.6788725127610401,-1.3965362286679834,0.7377274976176994,-0.23184759898667584,-1.9989199327569704,-5.470661836412131
-0.7714507823205972,-1.3746360398053805,0.5709523784221248,-0.48860386526845967,-1.976508169772012,-6.830759419976518
-0.25447462972204077,-0.07659829244764478,-0.01352307896461951,-0.07095082068992922,-0.05589953170969461,-1.2934082659878805
0.3034054904949718,0.6367535100452391,-0.36245296954595924,0.14863234695626723,0.8787268273561545,3.1960336642367038
-0.5161859690243819,-1.1106324309993287,0.5299668627588767,-0.2301032873498016,-1.7612916624763975,-4.926039056657723
-0.8865910067252604,-1.5763587623016555,0.7849124242271326,-0.4248727753806204,-2.3335605234485204,-5.817407214429516
-0.04506706629093708,0.2583329885393355,-0.26646414018891607,-0.016526129716034142,0.31641531070564866,1.8711006613754462
-2.6042584439829617,-5.020736221013889,2.5370486190705885,-1.3714457973225376,-7.509260290493888,-19.245687093738688
0.8331911860791105,1.8447552502050664,-0.8750111686947093,0.3683641890592801,2.588395161278306,6.394618883509084
-1.0419963169867485,-2.0766094930065533,0.963484746196356,-0.48604243245825257,-3.319671159634369,-8.393783296140695
0.38463280238442943,0.6051307221026706,-0.2836254784113,0.28210698181048993,1.0398004324023313,3.8019564441596407
0.7911320904153273,1.6320942860794196,-0.6914929918200178,0.3210088794291581,2.2599262186159854,6.839532315597491
-1.4389534045285843,-2.648586099324521,1.301759189018629,-0.6555718519994165,-4.153123640546735,-10.087928573135969
-0.8393190931571473,-1.5500872949286677,0.7268603100869315,-0.2647228632606047,-2.3169757935316424,-5.604387623095361
-0.9489294680089486,-1.7931247622340718,0.9917527858669716,-0.5877504660094813,-2.897348176192724,-7.856439903141024
-1.3786704454482301,-2.6714646182396407,1.3302757363672253,-0.7122241182487656,-3.9348908249757835,-11.229614211480795
0.4970632395042917,0.9503322219311184,-0.45242505102867503,0.2942311207120854,1.2145643587593025,5.5996107680269995
0.6414142813413709,1.1132568573139379,-0.5422286988469498,0.27265142754500316,1.8115610192600446,3.9712851310327695
-0.5666878661875895,-1.17816714602941,0.610330857978489,-0.15323120371708962,-1.918421556880032,-4.337029854037377
-1.2832384842307598,-2.610788088728898,1.339189749509157,-0.6236754689235573,-3.938219613103328,-9.870555855869311
-1.3138500999994325,-2.628190535804937,1.4739440238442318,-0.7128383666415584,-3.9948585102402845,-10.264562522079867
1.226994107622196,2.460172984894895,-1.2997499810073185,0.5227663867464727,3.5590666000050932,9.589294992307734
-0.2432311619402457,-0.7719672388009208,0.38827995142987026,-0.15164744850366196,-1.1087229395013554,-4.830508872129167
-1.882172550491765,-3.546903550453396,1.803882885038972,-0.9326363750080482,-5.418257752806615,-14.584271361367936
0.5342324730199164,0.951586769974612,-0.5779310216037102,0.21445329901007854,1.52730154028048,3.306511766958566
-0.47314220225575265,-0.8919313978603924,0.6827392342074212,-0.30388182959667154,-1.4590940168203481,-4.6587836509493945
-0.7565548943725962,-1.0997382857253757,0.5848535672096296,-0.23269042383244465,-1.9411684510185128,-7.570629863291675
1.5789953618090795,3.3337903918022493,-1.6120265466323738,0.8612810607850006,5.109857854122225,14.318493955530801
-0.21845973648188066,-0.6639992770531417,0.39672078320903464,-0.18577428393281592,-0.8333076835969576,-2.9202290258102637
-0.8358429422067696,-1.553527252949974,0.7938678267941316,-0.39116753663308523,-2.478110316507597,-5.126549591164896
-1.5991318562957761,-2.8168662713314436,1.292103477715188,-0.5948281203471925,-4.396228253017641,-11.59558421682969
0.2706255311076729,0.6878993978602561,-0.16024642361117117,0.2592188419372087,0.9127225543402437,3.698170254858952
-1.1896174094954979,-2.3326339778531113,1.271645900186515,-0.6968871420702264,-3.432393700983116,-9.835957329918667
-1.5586884241281664,-3.3102961287801005,1.4782149479053215,-0.7555072125801905,-5.050397592817455,-13.233276647076051
-1.1913430594015433,-2.1658470751012238,1.1772788070133884,-0.6838799876909559,-3.39748133421941,-9.028895838483123
1.3933185286264207,2.6161385018039263,-1.4597562250373086,0.7313493827722329,4.130496437612257,10.204816273394995
-0.5853802046191529,-1.2291341667453644,0.41574374706465844,-0.33478678576821935,-1.8125679592990387,-6.283924356848895
0.7708553687323877,1.7599418186905893,-0.9383570579039866,0.30613266356403573,2.629716917930433,6.501038595214587
1.5882493505550275,2.916378622409567,-1.495481012195692,0.8393656223627319,4.633048544874462,14.046158374347671
1.8966755876933816,3.937463210410357,-1.7610928562231376,1.078852161835457,5.805965247186912,13.936848868247775
-1.5038021358077838,-3.121177321015994,1.5416213038105735,-0.8245194472843541,-4.737683448921217,-11.640981878207747
0.006935518653609654,-0.18607813251821245,0.17073412647173297,0.08053137287664161,0.003005170879387925,-2.407942068191299
0.775839211795324,1.8153832781052446,-0.7975035449938995,0.5309945723397883,2.729676337433115,8.586869315745716
0.10061780307097783,0.28819868129031223,-0.163664687728797,0.1497076046438274,0.4106169005666989,1.7941381348964713
-0.061342027774846104,-0.12383125258822045,-0.013159042839650428,0.012150392545658271,-0.0892462197438833,0.26140845751574804
-1.7291583971014401,-3.306109586495171,1.7003191721187574,-0.8169161432015051,-4.83173797688499,-12.937024132375246
0.6135104303678268,1.1982734237999468,-0.6849069381698293,0.20582625895963774,1.9633130087629502,4.084081349268527
0.3031613676526568,0.545829102716293,-0.23669486118755995,0.37068490952857414,0.7148202380886405,4.7310185413421255
-1.081140364134358,-2.022469228773773,1.0314945435417155,-0.46913011015360967,-2.967954140141084,-8.949238303761291
-0.712292159778108,-1.4188381265472523,0.7391916969243374,-0.4341540950413737,-2.308939969384402,-7.994426091489059
-0.023700867766697584,-0.138204689528552,0.013957549548484091,0.06253051973879067,-0.13792866080089347,0.016448845849234617
0.51455762420618,1.111275092784295,-0.6126599879512413,0.24904887394725964,1.3266292976789484,3.8603226175949334
1.900558451478486,3.918399346852413,-2.0093129330873953,1.0707274113850942,6.064397428809115,14.895317324156082
1.6929279974893072,3.4862114150613994,-1.5700930509726065,0.7701392276727748,4.973109285842616,14.279981416936122
0.18891067557133756,0.3938122735981883,-0.19421739527061851,0.2180040436099444,0.3176944683418469,2.8141004640757203
0.2487466213081363,0.4398935636331449,-0.16035555913200064,0.036632273204191754,0.7854857356861252,3.012301247796989
-1.6297141589607618,-3.2851394223504116,1.689147000233093,-0.8647089895039073,-4.918159633114253,-12.050537337995644
-0.13373582361479622,-0.6917319433908771,0.246119781746982,-0.05399795178260086,-0.9185628773606491,-2.8552880297267555
-0.3253724658287749,-0.8295719415902105,0.37243219448108533,-0.3731314556566878,-1.220242219608915,-2.7150303097519206
-0.4952343938278578,-1.0110482459062757,0.316918232025312,-0.18728854992715904,-1.3073814222217122,-2.357546790951235
0.8716053524110396,1.763785939121754,-0.8157658401480319,0.4296456730888751,2.96843408287353,7.110464083171367
-1.52823958445781,-2.788807648947793,1.4806158062910495,-0.7022618695583024,-4.2949650638339465,-12.315665090698747
-0.1805296726316666,-0.5456299173568894,0.27811875816648934,-0.12082383012705801,-0.6924140141559699,-0.7543302888852794
-0.6867193432103231,-1.3923522377208037,0.9278098590366499,-0.34777476032962745,-2.2502247552373125,-5.173939439258689
-0.46522517380324474,-1.0189928777248278,0.47917097628089833,-0.3551978009000158,-1.3643737342092515,-3.1003149044296983
-1.5910510896951702,-3.3464783783280825,1.7638481222851567,-0.7450620818637398,-4.865506265661523,-12.466043142514996
-1.209308666392349,-2.0754275645950444,0.9413189731300079,-0.5063854933785525,-3.2484777513455847,-8.206908405506178
0.41349126318354934,0.9545234537549221,-0.48193661642889185,0.32873637471171474,1.565936558848069,2.8690441798032396
0.14377533695423642,0.281011647116103,-0.27458306251799486,0.08425709165001186,0.4201523092720259,1.0091244133999797
-1.9469010169188015,-4.072539025547892,2.020166572918959,-0.886893658916512,-5.9171210672152705,-15.270732439533315
-1.0281730124026767,-2.0182351960728298,1.042666944579332,-0.49931872657983667,-2.9977298885376515,-7.490795279306711
1.2847864329849206,2.382365571633991,-1.2444831643999157,0.6084781452351179,3.689951423898397,9.412127205616219
-0.037190346210690686,-0.06405006159511817,0.04367142894026178,0.06746800490262614,0.10985724578805875,0.7457907517042293
-0.2906438939078872,-0.8990998118602104,0.42558014327255156,-0.2408938203903414,-1.2210602692587162,-0.9797380401576743
-0.4007145684896143,-0.7935369153253029,0.4183609979171355,-0.3190762449864285,-1.2349336913281506,-3.532275319564693
-0.10763845906665982,-0.17506975655188586,0.13864544053716232,-0.17436804051851698,-0.2997601141088161,0.9834160435220723
-1.9817684730661211,-3.870528435954906,1.748788233661328,-1.1002386810057618,-5.799757264551282,-14.519182319463635
-0.44195696759504566,-0.7481015536589929,0.406448481571627,-0.14483812458555567,-1.0986056835598081,-0.622415850837728
0.29921652094907997,0.4866246420614906,-0.33345956968898594,0.039112941369352144,0.690415825919241,2.720775020956664
0.11148682721662187,0.29577327276414866,-0.07718607322320951,0.0643826123236819,0.4885052444649258,1.3268005204928361
0.43653965045481835,0.7969905186688234,-0.6530806895769097,0.2767752624685642,1.4449800856737332,2.997982216777462
-1.7812245991762266,-3.4248122739915012,1.7203444157928436,-0.9448931433176154,-5.243920446914332,-12.047479458795769
-0.25848935914206295,-0.6068425117589644,0.18726281543774065,-0.147069003445626,-0.8412945360060509,-2.1570842695053916
-1.2157497223268816,-2.376256763766169,1.0233901795736668,-0.7043655550487027,-3.458980777681481,-10.646073467625818
-0.19691491420809598,-0.3439909432957673,0.2502582380659623,-0.14444999844968967,-0.6479667290574329,-1.2807940537840787
0.8281829349263092,1.7063005668686302,-0.8713280104527761,0.4155382531158972,2.6182052618052527,6.32118948343328
0.637191201247254,1.3801069707342166,-0.661749577980322,0.39403139374241347,1.8763574966040688,4.0861877116358105
0.6150006052640626,1.083405770970492,-0.7629540567426354,0.3426856164395983,1.5945029318110686,4.454389080434154
-1.727147252627065,-3.6961092437654472,1.7276234199016738,-0.9324762008076483,-5.324412608072609,-15.7838841562502
0.4980964376807785,0.8897552952443877,-0.4821540026687338,0.009459564862077191,1.5066241791683184,3.5451389848962456
0.6616256407457212,1.2984301519879737,-0.5918827847513968,0.27233492941473014,2.022488004618672,6.818576440797207
0.18833861250746228,0.47998878266802014,-0.1678270660532638,0.0704471743076969,0.5753596987450234,1.8384667472797012
0.7217301364443303,1.5872406476186616,-0.6050169657736798,0.4284222027278442,2.281035345893536,6.630496711415968
-0.5317067238877176,-0.9449836645484913,0.33258508397503994,-0.14417433463831508,-1.3646295493152156,-5.867284868473054
0.5398162337069848,1.045883740365948,-0.6180876918882213,0.16598289656699278,1.6733357961648643,3.6463408813246545
0.46552400629443086,0.8005034284961451,-0.5736257356496921,0.2674768300357974,1.34223428842904,3.180750122505195
0.9119598478828392,2.078782699422938,-0.9480855981262764,0.5883517526772055,3.1033119829748097,8.274754501761878
0.5543476997338402,1.1305688727001963,-0.5552294691961213,0.3164803565808438,2.0187142585354905,3.834779264137339
1.0624416695345893,2.0314661484183074,-0.9937258074214569,0.42238351186077766,2.9647334194969432,7.819124433552498
-0.06064728382087023,0.06579157386293011,0.1195135402790261,-0.05870616908381015,0.11167575926259321,-2.0017926041198777
0.5222662353400691,0.9297308124927937,-0.4571997298581293,0.258990399193239,1.6485368636408146,4.061702937185819
0.38313343238690223,0.6998500842542136,-0.18666368465242228,0.21201444652666343,1.2088953562676528,3.0170460918069164
-1.5755908417981497,-3.067588944461873,1.5724682008400934,-0.6932242281081522,-4.427180535354123,-13.868396867496498
-0.8392054821912257,-1.760510427293539,0.9007356572159458,-0.479773349711746,-2.5152314048922255,-6.97832020656636
-2.1235923122112226,-4.373437609883311,2.011060110294882,-1.1254366069518869,-6.591703704833642,-18.27579289907048
0.44518652754058946,0.725394169961345,-0.46171638202779147,0.12019864610728448,0.8882315675517187,3.4321391526311653
-0.9762049750816616,-1.9323887367937451,1.068497565107537,-0.4825004127260459,-3.015185052967027,-9.391054753942853
2.357995891430472,4.355078627657516,-2.1467624921677047,0.9986221313104667,6.512780632810248,18.168278759540456
-0.44940131941472017,-1.1550878207210904,0.5402948499741878,-0.327640691859213,-1.750492641460228,-5.699538232169234
0.479005310548299,1.0362263193384345,-0.45374399496734064,0.18882637043711206,1.392938587018047,5.374621605129632
0.4763132235805732,0.9048194862785386,-0.43590515543263275,0.1267310443088835,1.4298801931701157,3.521443752619855
1.2811254187039265,2.6650981522016512,-1.3575596087809028,0.5388335159836328,3.8424287993820188,9.972300631026494
0.6884957322968979,1.1983119167417007,-0.7203201899204134,0.21860943362792792,1.9231528539128226,5.05762782777303
